data_kind,number,status,statistic,eligible_episodes,error
boe_millennium_e1_registered,0,retained,-0.004187492280694401,41,
boe_millennium_e1_registered,1,retained,-0.0004517737533034032,38,
boe_millennium_e1_registered,2,retained,-0.011607350936589931,44,
boe_millennium_e1_registered,3,retained,-0.02668193362672747,41,
boe_millennium_e1_registered,4,retained,0.007469401741829217,42,
boe_millennium_e1_registered,5,retained,0.018317151781449843,39,
boe_millennium_e1_registered,6,retained,0.0044905860115376,43,
boe_millennium_e1_registered,7,retained,-0.005820712923536551,42,
boe_millennium_e1_registered,8,retained,-0.014002523563972523,45,
boe_millennium_e1_registered,9,retained,0.015448658414536631,38,
boe_millennium_e1_registered,10,retained,-0.01900475176872652,40,
boe_millennium_e1_registered,11,retained,0.0007489906211468105,46,
boe_millennium_e1_registered,12,retained,-0.012242253622257846,41,
boe_millennium_e1_registered,13,retained,0.008272896248727754,47,
boe_millennium_e1_registered,14,retained,-0.00023804487859161325,45,
boe_millennium_e1_registered,15,retained,-0.004361941204368599,49,
boe_millennium_e1_registered,16,retained,-0.00031760620834380196,37,
boe_millennium_e1_registered,17,retained,-0.0005866299682358855,44,
boe_millennium_e1_registered,18,retained,0.015853299220812855,47,
boe_millennium_e1_registered,19,retained,0.019265787059063146,38,
boe_millennium_e1_registered,20,retained,-0.0029389344790655865,46,
boe_millennium_e1_registered,21,retained,0.018884721022259868,45,
boe_millennium_e1_registered,22,retained,-0.008061219898553922,45,
boe_millennium_e1_registered,23,retained,0.018379680602246328,38,
boe_millennium_e1_registered,24,retained,-0.012598351722585069,41,
boe_millennium_e1_registered,25,retained,-0.01739971508997082,40,
boe_millennium_e1_registered,26,retained,-0.0299452243248914,40,
boe_millennium_e1_registered,27,retained,-0.010745178948182629,42,
boe_millennium_e1_registered,28,retained,-0.004637480446706583,47,
boe_millennium_e1_registered,29,retained,-0.012152065636032054,41,
boe_millennium_e1_registered,30,retained,-0.027210077370837474,43,
boe_millennium_e1_registered,31,retained,-0.008725395471695024,40,
boe_millennium_e1_registered,32,retained,0.008432882554923735,45,
boe_millennium_e1_registered,33,retained,-0.007253192915739489,48,
boe_millennium_e1_registered,34,retained,0.001442363273702135,42,
boe_millennium_e1_registered,35,retained,0.008070220747870248,40,
boe_millennium_e1_registered,36,retained,-0.009489609515012747,42,
boe_millennium_e1_registered,37,retained,0.0076995320229692465,42,
boe_millennium_e1_registered,38,retained,-0.0025196860851659573,47,
boe_millennium_e1_registered,39,retained,-0.0007100030468575822,48,
boe_millennium_e1_registered,40,retained,0.0014681744601664222,42,
boe_millennium_e1_registered,41,retained,0.008848923477244447,36,
boe_millennium_e1_registered,42,retained,-0.0089010166538792,47,
boe_millennium_e1_registered,43,retained,-0.003631215338757257,47,
boe_millennium_e1_registered,44,retained,-0.017490977017652398,41,
boe_millennium_e1_registered,45,retained,-0.007389104564706728,44,
boe_millennium_e1_registered,46,retained,0.010786671948164555,46,
boe_millennium_e1_registered,47,retained,0.001156744669995322,45,
boe_millennium_e1_registered,48,retained,-0.017656987566772222,48,
boe_millennium_e1_registered,49,retained,-0.009306101300448304,46,
boe_millennium_e1_registered,50,retained,0.0022612070282080044,35,
boe_millennium_e1_registered,51,retained,0.02907113388834283,41,
boe_millennium_e1_registered,52,retained,-0.02430267919031101,41,
boe_millennium_e1_registered,53,retained,0.007360800192624315,40,
boe_millennium_e1_registered,54,retained,0.02647093270974281,44,
boe_millennium_e1_registered,55,retained,-0.008969748791896144,41,
boe_millennium_e1_registered,56,retained,0.0216768279105407,37,
boe_millennium_e1_registered,57,retained,-0.02341838982655848,42,
boe_millennium_e1_registered,58,retained,-0.005779527753269058,46,
boe_millennium_e1_registered,59,retained,-0.01025830104766412,45,
boe_millennium_e1_registered,60,retained,-0.022764451720564967,36,
boe_millennium_e1_registered,61,retained,0.0055981056508541665,38,
boe_millennium_e1_registered,62,retained,0.004525402112059053,46,
boe_millennium_e1_registered,63,retained,-0.003974119625514746,49,
boe_millennium_e1_registered,64,retained,0.005901467545431601,37,
boe_millennium_e1_registered,65,retained,-0.0036696684329232273,42,
boe_millennium_e1_registered,66,retained,-0.007809147964283271,42,
boe_millennium_e1_registered,67,retained,-0.022116654562078692,38,
boe_millennium_e1_registered,68,retained,-0.01952726358941299,43,
boe_millennium_e1_registered,69,retained,-0.01087988128886982,44,
boe_millennium_e1_registered,70,retained,-0.0037692057018700966,42,
boe_millennium_e1_registered,71,retained,-0.013915084395483324,44,
boe_millennium_e1_registered,72,retained,0.013097464471604961,42,
boe_millennium_e1_registered,73,retained,0.0070219415857374545,45,
boe_millennium_e1_registered,74,retained,0.002377363616927229,42,
boe_millennium_e1_registered,75,retained,0.006103347806449866,41,
boe_millennium_e1_registered,76,retained,-0.019089467824300654,44,
boe_millennium_e1_registered,77,retained,-0.02014319083744487,42,
boe_millennium_e1_registered,78,retained,-0.01038104422187181,41,
boe_millennium_e1_registered,79,retained,-0.014646054020017115,43,
boe_millennium_e1_registered,80,retained,-0.018606834426178557,46,
boe_millennium_e1_registered,81,retained,0.010383419210443152,41,
boe_millennium_e1_registered,82,retained,0.01201241959770433,40,
boe_millennium_e1_registered,83,retained,0.0025299841377498314,48,
boe_millennium_e1_registered,84,retained,-0.012272016743233848,47,
boe_millennium_e1_registered,85,retained,0.0012848454742015326,44,
boe_millennium_e1_registered,86,retained,-0.014804476069672423,38,
boe_millennium_e1_registered,87,retained,-0.02406583765417981,39,
boe_millennium_e1_registered,88,retained,-0.0034441797896819218,40,
boe_millennium_e1_registered,89,retained,0.0009536704998821385,49,
boe_millennium_e1_registered,90,retained,0.007554571657832616,47,
boe_millennium_e1_registered,91,retained,0.004583177135615578,41,
boe_millennium_e1_registered,92,retained,-0.023274922483199748,39,
boe_millennium_e1_registered,93,retained,-0.004871722586278026,44,
boe_millennium_e1_registered,94,retained,-0.0020239968812621125,47,
boe_millennium_e1_registered,95,retained,-0.014880851689611221,45,
boe_millennium_e1_registered,96,retained,0.014041567810985211,46,
boe_millennium_e1_registered,97,retained,0.01669068090724472,38,
boe_millennium_e1_registered,98,retained,-0.012437284582513732,36,
boe_millennium_e1_registered,99,retained,-0.008154257987939895,50,
boe_millennium_e1_registered,100,retained,-0.01269704830200826,48,
boe_millennium_e1_registered,101,retained,-0.01377565703887665,48,
boe_millennium_e1_registered,102,retained,-0.00037427459482737986,43,
boe_millennium_e1_registered,103,retained,-0.004154223279329187,43,
boe_millennium_e1_registered,104,retained,-0.0030481873227499027,47,
boe_millennium_e1_registered,105,retained,-0.01782436123511103,38,
boe_millennium_e1_registered,106,retained,-0.01763171478651589,44,
boe_millennium_e1_registered,107,retained,0.00019533998431507513,38,
boe_millennium_e1_registered,108,retained,-0.011671367677294387,44,
boe_millennium_e1_registered,109,retained,0.008120947035575615,49,
boe_millennium_e1_registered,110,retained,-0.00431555228827794,44,
boe_millennium_e1_registered,111,retained,0.013852862474870513,41,
boe_millennium_e1_registered,112,retained,-0.023460387219049417,44,
boe_millennium_e1_registered,113,retained,-0.024512690235689315,48,
boe_millennium_e1_registered,114,retained,0.007537513455155658,45,
boe_millennium_e1_registered,115,retained,-0.0077996837264510226,49,
boe_millennium_e1_registered,116,retained,-0.01984229055560895,45,
boe_millennium_e1_registered,117,retained,-0.002409519860352405,38,
boe_millennium_e1_registered,118,retained,-0.01132021675661189,45,
boe_millennium_e1_registered,119,retained,0.00477040020946958,43,
boe_millennium_e1_registered,120,retained,-0.004146906684589177,44,
boe_millennium_e1_registered,121,retained,0.0003590336632711642,48,
boe_millennium_e1_registered,122,retained,0.009657857286497158,45,
boe_millennium_e1_registered,123,retained,-0.012469800122254899,47,
boe_millennium_e1_registered,124,retained,-0.009998685536627909,36,
boe_millennium_e1_registered,125,retained,0.016587992245186534,40,
boe_millennium_e1_registered,126,retained,-0.0038547730844764867,46,
boe_millennium_e1_registered,127,retained,-0.004120925368854482,41,
boe_millennium_e1_registered,128,retained,-0.016257828748258107,41,
boe_millennium_e1_registered,129,retained,-0.0030765827707087507,40,
boe_millennium_e1_registered,130,retained,-0.010123672385993371,47,
boe_millennium_e1_registered,131,retained,-0.001185158765479268,43,
boe_millennium_e1_registered,132,retained,-0.016186900156525578,48,
boe_millennium_e1_registered,133,retained,-0.0052741950300678134,40,
boe_millennium_e1_registered,134,retained,-0.017381311802671842,49,
boe_millennium_e1_registered,135,retained,-0.01726505590003277,45,
boe_millennium_e1_registered,136,retained,0.00486407070862502,42,
boe_millennium_e1_registered,137,retained,0.01951254821218818,45,
boe_millennium_e1_registered,138,retained,-0.014841549051623715,40,
boe_millennium_e1_registered,139,retained,0.005558308023019851,42,
boe_millennium_e1_registered,140,retained,0.0072260378442020575,46,
boe_millennium_e1_registered,141,retained,0.01892762160512721,41,
boe_millennium_e1_registered,142,retained,-0.004738998602397469,48,
boe_millennium_e1_registered,143,retained,-0.004959809016462605,49,
boe_millennium_e1_registered,144,retained,-0.009752084204956817,50,
boe_millennium_e1_registered,145,retained,-0.014998763078575391,39,
boe_millennium_e1_registered,146,retained,0.004726404028834403,47,
boe_millennium_e1_registered,147,retained,-0.00660133567018534,42,
boe_millennium_e1_registered,148,retained,-0.0042612058693300625,36,
boe_millennium_e1_registered,149,retained,-0.0013153958702901744,41,
boe_millennium_e1_registered,150,retained,0.008618779761235146,38,
boe_millennium_e1_registered,151,retained,-0.021892218111400744,41,
boe_millennium_e1_registered,152,retained,-0.018687330490523565,44,
boe_millennium_e1_registered,153,retained,-0.02358182539087257,43,
boe_millennium_e1_registered,154,retained,0.0009332559997095159,36,
boe_millennium_e1_registered,155,retained,-0.0076474538243780765,50,
boe_millennium_e1_registered,156,retained,0.011888093894068771,48,
boe_millennium_e1_registered,157,retained,0.00744617550262522,38,
boe_millennium_e1_registered,158,retained,-0.003348133396808612,40,
boe_millennium_e1_registered,159,retained,-0.010671079925880235,43,
boe_millennium_e1_registered,160,retained,0.013374199790981558,46,
boe_millennium_e1_registered,161,retained,-0.004518703563585799,44,
boe_millennium_e1_registered,162,retained,-0.02297980759247375,40,
boe_millennium_e1_registered,163,retained,0.006269110553797931,41,
boe_millennium_e1_registered,164,retained,-0.026541987671014268,44,
boe_millennium_e1_registered,165,retained,0.002507517015042111,42,
boe_millennium_e1_registered,166,retained,-0.014944845431592926,49,
boe_millennium_e1_registered,167,retained,0.008935724971258371,41,
boe_millennium_e1_registered,168,retained,0.00939411536484562,44,
boe_millennium_e1_registered,169,retained,-0.006479812992027717,41,
boe_millennium_e1_registered,170,retained,-0.01642442973541973,36,
boe_millennium_e1_registered,171,retained,-0.012501790721939085,48,
boe_millennium_e1_registered,172,retained,-0.0159668221061504,43,
boe_millennium_e1_registered,173,retained,-0.00021033577451984455,38,
boe_millennium_e1_registered,174,retained,0.006835566623377473,39,
boe_millennium_e1_registered,175,retained,-0.012327084134616473,44,
boe_millennium_e1_registered,176,retained,0.012100355379864843,39,
boe_millennium_e1_registered,177,retained,0.016391580013099136,43,
boe_millennium_e1_registered,178,retained,-0.0030272240941380847,40,
boe_millennium_e1_registered,179,retained,0.0032128860091932125,44,
boe_millennium_e1_registered,180,retained,-0.0006082941118359836,37,
boe_millennium_e1_registered,181,retained,0.005990403514020567,42,
boe_millennium_e1_registered,182,retained,-0.012025232936051697,42,
boe_millennium_e1_registered,183,retained,-0.0038999004658269907,39,
boe_millennium_e1_registered,184,retained,-0.003503715068746046,45,
boe_millennium_e1_registered,185,retained,-0.00377180540020535,44,
boe_millennium_e1_registered,186,retained,-0.013163209206420255,42,
boe_millennium_e1_registered,187,retained,0.0031199791468578624,43,
boe_millennium_e1_registered,188,retained,-0.019046927465971183,38,
boe_millennium_e1_registered,189,retained,-0.004563057807265468,35,
boe_millennium_e1_registered,190,retained,-0.0022410537293308143,40,
boe_millennium_e1_registered,191,retained,-0.0253853079864061,41,
boe_millennium_e1_registered,192,retained,0.015919471403965955,45,
boe_millennium_e1_registered,193,retained,-0.005444961161671301,47,
boe_millennium_e1_registered,194,retained,0.013533012355702095,42,
boe_millennium_e1_registered,195,retained,-0.018084267918690996,45,
boe_millennium_e1_registered,196,retained,-0.02252753278279563,41,
boe_millennium_e1_registered,197,retained,-0.005288759038465697,45,
boe_millennium_e1_registered,198,retained,-0.024994310445982618,43,
boe_millennium_e1_registered,199,retained,0.015644670170833198,44,
boe_millennium_e1_registered,200,retained,-0.01429019143603946,44,
boe_millennium_e1_registered,201,retained,-0.018500076430246096,45,
boe_millennium_e1_registered,202,retained,-0.00789741810265516,42,
boe_millennium_e1_registered,203,retained,0.006220197968028298,44,
boe_millennium_e1_registered,204,retained,-0.006512144609539787,42,
boe_millennium_e1_registered,205,retained,0.006145249139436707,44,
boe_millennium_e1_registered,206,retained,-0.005577376489143328,42,
boe_millennium_e1_registered,207,retained,0.010254235243693672,39,
boe_millennium_e1_registered,208,retained,0.007412979647988972,42,
boe_millennium_e1_registered,209,retained,0.020854868185444287,42,
boe_millennium_e1_registered,210,retained,-0.011956682508850026,41,
boe_millennium_e1_registered,211,retained,-0.005143718923376065,43,
boe_millennium_e1_registered,212,retained,-0.012599199913939407,46,
boe_millennium_e1_registered,213,retained,0.016327995954308578,36,
boe_millennium_e1_registered,214,retained,-0.005413167300654233,48,
boe_millennium_e1_registered,215,retained,-0.005998360439738871,46,
boe_millennium_e1_registered,216,retained,0.0004360264017400018,42,
boe_millennium_e1_registered,217,retained,-0.006824782117596236,46,
boe_millennium_e1_registered,218,retained,-0.01827048886617378,40,
boe_millennium_e1_registered,219,retained,-0.011389644198037936,41,
boe_millennium_e1_registered,220,retained,-0.005654833610333769,42,
boe_millennium_e1_registered,221,retained,-0.011262010217632954,45,
boe_millennium_e1_registered,222,retained,-0.008848895274216315,41,
boe_millennium_e1_registered,223,retained,-0.008707192649489416,38,
boe_millennium_e1_registered,224,retained,0.013349441306345874,46,
boe_millennium_e1_registered,225,retained,-0.005982819680687113,44,
boe_millennium_e1_registered,226,retained,0.00040403041413394637,42,
boe_millennium_e1_registered,227,retained,0.0036171650719318597,39,
boe_millennium_e1_registered,228,retained,0.002352007907747358,39,
boe_millennium_e1_registered,229,retained,-0.00035430064848428173,47,
boe_millennium_e1_registered,230,retained,-0.0013300308658789424,49,
boe_millennium_e1_registered,231,retained,0.003196736158744317,42,
boe_millennium_e1_registered,232,retained,-0.004842862185420372,43,
boe_millennium_e1_registered,233,retained,0.0009865392607386956,43,
boe_millennium_e1_registered,234,retained,-0.006732025579516933,40,
boe_millennium_e1_registered,235,retained,0.03611514830512425,42,
boe_millennium_e1_registered,236,retained,-0.01332381844294605,39,
boe_millennium_e1_registered,237,retained,0.0027687485455090977,44,
boe_millennium_e1_registered,238,retained,0.012273641764696709,38,
boe_millennium_e1_registered,239,retained,0.006524071291580558,42,
boe_millennium_e1_registered,240,retained,-0.013630219373800656,42,
boe_millennium_e1_registered,241,retained,-0.014106237732641596,47,
boe_millennium_e1_registered,242,retained,0.008045049806919571,39,
boe_millennium_e1_registered,243,retained,0.004665826500301074,42,
boe_millennium_e1_registered,244,retained,-0.012758790749217097,48,
boe_millennium_e1_registered,245,retained,0.003169889683524242,45,
boe_millennium_e1_registered,246,retained,-0.016989004599373213,40,
boe_millennium_e1_registered,247,retained,0.0007998325601821074,42,
boe_millennium_e1_registered,248,retained,-0.0075150864749443345,44,
boe_millennium_e1_registered,249,retained,-0.025982522213986222,43,
boe_millennium_e1_registered,250,retained,0.0029038451588001895,40,
boe_millennium_e1_registered,251,retained,0.01632442824694547,40,
boe_millennium_e1_registered,252,retained,0.0017931485264738505,43,
boe_millennium_e1_registered,253,retained,-0.0003236144303040349,38,
boe_millennium_e1_registered,254,retained,-0.0014510003535326745,45,
boe_millennium_e1_registered,255,retained,0.010796902709125217,38,
boe_millennium_e1_registered,256,retained,-0.00469380106164107,45,
boe_millennium_e1_registered,257,retained,-0.0006655390326172364,40,
boe_millennium_e1_registered,258,retained,0.00470705843256243,41,
boe_millennium_e1_registered,259,retained,-0.0014775140636129108,44,
boe_millennium_e1_registered,260,retained,-0.0064906614323263076,39,
boe_millennium_e1_registered,261,retained,0.004083191496002983,40,
boe_millennium_e1_registered,262,retained,0.006981296434078405,41,
boe_millennium_e1_registered,263,retained,-0.008953650525048975,41,
boe_millennium_e1_registered,264,retained,0.0029652743694419934,41,
boe_millennium_e1_registered,265,retained,0.0011178041988849552,41,
boe_millennium_e1_registered,266,retained,0.009143367204166522,41,
boe_millennium_e1_registered,267,retained,-0.00813848277273315,43,
boe_millennium_e1_registered,268,retained,0.0059942918002428725,45,
boe_millennium_e1_registered,269,retained,0.016079242316150124,42,
boe_millennium_e1_registered,270,retained,-0.015429145283119582,44,
boe_millennium_e1_registered,271,retained,-0.0036523402406672513,40,
boe_millennium_e1_registered,272,retained,0.0009226584175252727,43,
boe_millennium_e1_registered,273,retained,-0.00459953131692695,39,
boe_millennium_e1_registered,274,retained,-0.02509404025148518,36,
boe_millennium_e1_registered,275,retained,0.008388705194380822,35,
boe_millennium_e1_registered,276,retained,-0.0266156327305099,41,
boe_millennium_e1_registered,277,retained,0.0011314161548981988,38,
boe_millennium_e1_registered,278,retained,-0.001765061695561026,40,
boe_millennium_e1_registered,279,retained,0.003938943915190461,41,
boe_millennium_e1_registered,280,retained,-0.003690301852323638,42,
boe_millennium_e1_registered,281,retained,-0.024806098183729846,42,
boe_millennium_e1_registered,282,retained,-0.010440527589456586,43,
boe_millennium_e1_registered,283,retained,-0.0019517925257442627,42,
boe_millennium_e1_registered,284,retained,-0.007680598886750026,37,
boe_millennium_e1_registered,285,retained,0.0011644534624508714,44,
boe_millennium_e1_registered,286,retained,0.01840433386249357,45,
boe_millennium_e1_registered,287,retained,0.021506885541846616,39,
boe_millennium_e1_registered,288,retained,-0.018878768456390412,48,
boe_millennium_e1_registered,289,retained,-0.0009868842096568118,41,
boe_millennium_e1_registered,290,retained,-0.001999656103633306,42,
boe_millennium_e1_registered,291,retained,0.021789136536412654,45,
boe_millennium_e1_registered,292,retained,0.018313837677707764,44,
boe_millennium_e1_registered,293,retained,-0.009088538623009835,45,
boe_millennium_e1_registered,294,retained,-0.011566473234374859,43,
boe_millennium_e1_registered,295,retained,-0.00783446505164791,49,
boe_millennium_e1_registered,296,retained,0.0042122093193784306,49,
boe_millennium_e1_registered,297,retained,0.010375570523731194,42,
boe_millennium_e1_registered,298,retained,-0.004189616490624566,42,
boe_millennium_e1_registered,299,retained,-0.014578767401434024,43,
boe_millennium_e1_registered,300,retained,-0.005172398037956941,43,
boe_millennium_e1_registered,301,retained,-0.009318225389515133,41,
boe_millennium_e1_registered,302,retained,-0.011137833202413029,44,
boe_millennium_e1_registered,303,retained,-0.032720665557289495,40,
boe_millennium_e1_registered,304,retained,0.005350509337713545,43,
boe_millennium_e1_registered,305,retained,0.013679645225617043,42,
boe_millennium_e1_registered,306,retained,0.0007080064092746932,38,
boe_millennium_e1_registered,307,retained,-0.022482930921694254,47,
boe_millennium_e1_registered,308,retained,-0.01898306803953648,45,
boe_millennium_e1_registered,309,retained,-0.01269696677975734,39,
boe_millennium_e1_registered,310,retained,-0.0035817596589386006,47,
boe_millennium_e1_registered,311,retained,0.0028880854863720345,45,
boe_millennium_e1_registered,312,retained,0.02244573235011964,43,
boe_millennium_e1_registered,313,retained,0.028019443699384843,39,
boe_millennium_e1_registered,314,retained,-0.015440604293710511,42,
boe_millennium_e1_registered,315,retained,-0.0037418944478994896,42,
boe_millennium_e1_registered,316,retained,-0.007097936768418538,43,
boe_millennium_e1_registered,317,retained,0.0007263410109845724,42,
boe_millennium_e1_registered,318,retained,0.007805076331163727,38,
boe_millennium_e1_registered,319,retained,-0.004103921930395462,41,
boe_millennium_e1_registered,320,retained,-0.003221060635815464,43,
boe_millennium_e1_registered,321,retained,-0.018263210175587137,47,
boe_millennium_e1_registered,322,retained,-0.01829585032070516,42,
boe_millennium_e1_registered,323,retained,0.015192330955313084,41,
boe_millennium_e1_registered,324,retained,0.007208166003336914,45,
boe_millennium_e1_registered,325,retained,-0.011715820821795241,46,
boe_millennium_e1_registered,326,retained,-0.009185505666651305,38,
boe_millennium_e1_registered,327,retained,0.005337926731990653,40,
boe_millennium_e1_registered,328,retained,0.0017145797499156222,45,
boe_millennium_e1_registered,329,retained,0.0035737229459475955,43,
boe_millennium_e1_registered,330,retained,-5.7527020518749473e-05,40,
boe_millennium_e1_registered,331,retained,-0.0167446881424145,40,
boe_millennium_e1_registered,332,retained,-0.01050836390411994,43,
boe_millennium_e1_registered,333,retained,0.00485125226210327,45,
boe_millennium_e1_registered,334,retained,-0.024081735508079394,45,
boe_millennium_e1_registered,335,retained,-0.0011589752636783788,45,
boe_millennium_e1_registered,336,retained,-0.02233677877758011,44,
boe_millennium_e1_registered,337,retained,-0.014175100948966998,50,
boe_millennium_e1_registered,338,retained,0.004266847875615735,43,
boe_millennium_e1_registered,339,retained,0.0057687569104021,46,
boe_millennium_e1_registered,340,retained,0.0037551378867754694,49,
boe_millennium_e1_registered,341,retained,-0.020690159210295465,39,
boe_millennium_e1_registered,342,retained,-0.011923708720277563,44,
boe_millennium_e1_registered,343,retained,0.006807980524556732,41,
boe_millennium_e1_registered,344,retained,0.010426423214122165,42,
boe_millennium_e1_registered,345,retained,0.02215062753611819,39,
boe_millennium_e1_registered,346,retained,0.003423674809272127,45,
boe_millennium_e1_registered,347,retained,-0.012437949609906147,41,
boe_millennium_e1_registered,348,retained,-0.02489622154644082,39,
boe_millennium_e1_registered,349,retained,-0.013800620289157623,41,
boe_millennium_e1_registered,350,retained,-0.012977022222978769,41,
boe_millennium_e1_registered,351,retained,0.005584741717483487,46,
boe_millennium_e1_registered,352,retained,0.010834707395119629,42,
boe_millennium_e1_registered,353,retained,-0.01671098750231174,47,
boe_millennium_e1_registered,354,retained,-0.0004879868991938707,45,
boe_millennium_e1_registered,355,retained,0.017800724599791293,43,
boe_millennium_e1_registered,356,retained,-0.003505688387068673,39,
boe_millennium_e1_registered,357,retained,0.011179633774727771,37,
boe_millennium_e1_registered,358,retained,-0.0050915587658154045,42,
boe_millennium_e1_registered,359,retained,-0.0027478245780564224,45,
boe_millennium_e1_registered,360,retained,-0.00808799245073139,38,
boe_millennium_e1_registered,361,retained,-0.005110529066846529,39,
boe_millennium_e1_registered,362,retained,-0.006103008683271897,45,
boe_millennium_e1_registered,363,retained,-0.018972534772307068,40,
boe_millennium_e1_registered,364,retained,0.004335681597113369,46,
boe_millennium_e1_registered,365,retained,0.010602500239801825,43,
boe_millennium_e1_registered,366,retained,-0.018797983446224267,39,
boe_millennium_e1_registered,367,retained,-0.006667589210943885,44,
boe_millennium_e1_registered,368,retained,0.0028551507606516284,42,
boe_millennium_e1_registered,369,retained,0.004255555316212776,41,
boe_millennium_e1_registered,370,retained,-0.026763521029934307,45,
boe_millennium_e1_registered,371,retained,0.00882152632701052,44,
boe_millennium_e1_registered,372,retained,-0.006418027363444763,48,
boe_millennium_e1_registered,373,retained,-0.018886444388089653,40,
boe_millennium_e1_registered,374,retained,-0.004090896009390559,40,
boe_millennium_e1_registered,375,retained,-0.020891745460365447,42,
boe_millennium_e1_registered,376,retained,0.017035653484176398,37,
boe_millennium_e1_registered,377,retained,-0.02810554458937338,43,
boe_millennium_e1_registered,378,retained,-0.003124960682427342,46,
boe_millennium_e1_registered,379,retained,0.004398155000039051,42,
boe_millennium_e1_registered,380,retained,-0.004070827216804824,43,
boe_millennium_e1_registered,381,retained,-0.014304033205695229,39,
boe_millennium_e1_registered,382,retained,-0.01155347563983511,43,
boe_millennium_e1_registered,383,retained,0.0049945296722764205,48,
boe_millennium_e1_registered,384,retained,0.0011296293673244882,43,
boe_millennium_e1_registered,385,retained,0.0018459275139376403,45,
boe_millennium_e1_registered,386,retained,0.0018796124223888747,41,
boe_millennium_e1_registered,387,retained,-0.012118207498266205,36,
boe_millennium_e1_registered,388,retained,-0.013755541102881443,41,
boe_millennium_e1_registered,389,retained,-0.024244595505611026,45,
boe_millennium_e1_registered,390,retained,-0.0059409958078830375,46,
boe_millennium_e1_registered,391,retained,-0.020005422862807966,50,
boe_millennium_e1_registered,392,retained,-0.007623897899118665,39,
boe_millennium_e1_registered,393,retained,-0.013720600824250142,45,
boe_millennium_e1_registered,394,retained,0.004657807646652816,40,
boe_millennium_e1_registered,395,retained,0.002104325664900163,42,
boe_millennium_e1_registered,396,retained,0.014778271435730543,47,
boe_millennium_e1_registered,397,retained,-0.018584069028451257,45,
boe_millennium_e1_registered,398,retained,-0.029061493888316397,43,
boe_millennium_e1_registered,399,retained,-0.021713471946470466,45,
boe_millennium_e1_registered,400,retained,-0.0007618175306566534,40,
boe_millennium_e1_registered,401,retained,-0.0028395115106533858,42,
boe_millennium_e1_registered,402,retained,-0.004025690146707033,46,
boe_millennium_e1_registered,403,retained,-0.008476929337291288,44,
boe_millennium_e1_registered,404,retained,0.005425277277627626,46,
boe_millennium_e1_registered,405,retained,0.00987736872517092,40,
boe_millennium_e1_registered,406,retained,0.027018061686205495,42,
boe_millennium_e1_registered,407,retained,-0.010592775576690146,38,
boe_millennium_e1_registered,408,retained,0.0310464828400827,46,
boe_millennium_e1_registered,409,retained,-0.020929574870503287,41,
boe_millennium_e1_registered,410,retained,0.012309572723474138,40,
boe_millennium_e1_registered,411,retained,-0.03418364813742937,36,
boe_millennium_e1_registered,412,retained,0.001609922372780005,40,
boe_millennium_e1_registered,413,retained,-0.005070017656600141,39,
boe_millennium_e1_registered,414,retained,-0.0007494213947624674,46,
boe_millennium_e1_registered,415,retained,-0.009365751376434745,37,
boe_millennium_e1_registered,416,retained,-0.026675372777373797,43,
boe_millennium_e1_registered,417,retained,-0.00032603189734861003,41,
boe_millennium_e1_registered,418,retained,0.0006179708230233631,49,
boe_millennium_e1_registered,419,retained,0.03594588012213847,35,
boe_millennium_e1_registered,420,retained,-0.0024261402948355763,43,
boe_millennium_e1_registered,421,retained,-0.006233986284366508,45,
boe_millennium_e1_registered,422,retained,0.02662363413533902,39,
boe_millennium_e1_registered,423,retained,0.014485164818164914,44,
boe_millennium_e1_registered,424,retained,-0.015883150996208305,47,
boe_millennium_e1_registered,425,retained,0.0020870316570549136,48,
boe_millennium_e1_registered,426,retained,-0.0005140789725155027,40,
boe_millennium_e1_registered,427,retained,-0.018978385663598326,45,
boe_millennium_e1_registered,428,retained,0.001797748187206754,50,
boe_millennium_e1_registered,429,retained,0.003287873998104829,49,
boe_millennium_e1_registered,430,retained,0.014089184483124404,37,
boe_millennium_e1_registered,431,retained,-0.0004389787893975094,44,
boe_millennium_e1_registered,432,retained,-0.02274309164411197,41,
boe_millennium_e1_registered,433,retained,-0.03433547539204216,38,
boe_millennium_e1_registered,434,retained,-0.019589968589818228,46,
boe_millennium_e1_registered,435,retained,-0.00676898711970707,40,
boe_millennium_e1_registered,436,retained,-0.0028168610370034705,43,
boe_millennium_e1_registered,437,retained,-0.0041322086416280095,37,
boe_millennium_e1_registered,438,retained,-0.00858461448632854,44,
boe_millennium_e1_registered,439,retained,-0.02232206612491462,39,
boe_millennium_e1_registered,440,retained,0.008771587115819122,47,
boe_millennium_e1_registered,441,retained,-0.034351581133367504,41,
boe_millennium_e1_registered,442,retained,0.02195494444110565,37,
boe_millennium_e1_registered,443,retained,0.0023727261536956768,44,
boe_millennium_e1_registered,444,retained,-0.007544596783855553,46,
boe_millennium_e1_registered,445,retained,-0.0015064632119139523,41,
boe_millennium_e1_registered,446,retained,0.002997337535920684,47,
boe_millennium_e1_registered,447,retained,-0.013979248859300204,41,
boe_millennium_e1_registered,448,retained,-0.00547545992066254,40,
boe_millennium_e1_registered,449,retained,0.005274264016397134,44,
boe_millennium_e1_registered,450,retained,-0.015198026281770324,40,
boe_millennium_e1_registered,451,retained,0.00029208895657715464,42,
boe_millennium_e1_registered,452,retained,-0.018518688026614657,41,
boe_millennium_e1_registered,453,retained,-0.01358612863581804,46,
boe_millennium_e1_registered,454,retained,-0.02307850239217819,44,
boe_millennium_e1_registered,455,retained,0.01941742261471447,43,
boe_millennium_e1_registered,456,retained,-0.008888304958364585,47,
boe_millennium_e1_registered,457,retained,-0.0019786834439927486,48,
boe_millennium_e1_registered,458,retained,-0.01856402029035405,43,
boe_millennium_e1_registered,459,retained,0.0020861457365401364,40,
boe_millennium_e1_registered,460,retained,0.0017252256082205095,49,
boe_millennium_e1_registered,461,retained,0.0029791020258125526,44,
boe_millennium_e1_registered,462,retained,0.005813241332909369,42,
boe_millennium_e1_registered,463,retained,0.006716047740764808,40,
boe_millennium_e1_registered,464,retained,-0.00971723862899745,39,
boe_millennium_e1_registered,465,retained,0.0027264976475054148,41,
boe_millennium_e1_registered,466,retained,-0.006046034915616586,38,
boe_millennium_e1_registered,467,retained,0.00521118972151696,48,
boe_millennium_e1_registered,468,retained,0.0016378876035962665,40,
boe_millennium_e1_registered,469,retained,-0.0008035003479061182,39,
boe_millennium_e1_registered,470,retained,-0.006104078093115331,48,
boe_millennium_e1_registered,471,retained,-0.003120465777063636,46,
boe_millennium_e1_registered,472,retained,0.0009321042617302462,46,
boe_millennium_e1_registered,473,retained,-0.017509766556185406,45,
boe_millennium_e1_registered,474,retained,0.011711266345225802,43,
boe_millennium_e1_registered,475,retained,-0.014516737395838496,44,
boe_millennium_e1_registered,476,retained,0.003982115371370847,49,
boe_millennium_e1_registered,477,retained,-0.009480614995101562,36,
boe_millennium_e1_registered,478,retained,-0.010458365228046454,40,
boe_millennium_e1_registered,479,retained,-0.007713911726120805,44,
boe_millennium_e1_registered,480,retained,-2.1408450072260627e-06,39,
boe_millennium_e1_registered,481,retained,0.01101159288182094,42,
boe_millennium_e1_registered,482,retained,-0.008737651321197935,44,
boe_millennium_e1_registered,483,retained,-0.006731364841887209,42,
boe_millennium_e1_registered,484,retained,-0.021793480163193973,40,
boe_millennium_e1_registered,485,retained,-0.006760978606008923,42,
boe_millennium_e1_registered,486,retained,0.011031315363502102,45,
boe_millennium_e1_registered,487,retained,-0.004278894377445007,42,
boe_millennium_e1_registered,488,retained,-0.01021581858597614,42,
boe_millennium_e1_registered,489,retained,-0.006195288707019893,41,
boe_millennium_e1_registered,490,retained,0.00447854696255051,44,
boe_millennium_e1_registered,491,retained,-0.016256926295423933,48,
boe_millennium_e1_registered,492,retained,0.0036845837970905988,43,
boe_millennium_e1_registered,493,retained,0.01471817594466315,45,
boe_millennium_e1_registered,494,retained,0.0010904117649650834,42,
boe_millennium_e1_registered,495,retained,-0.014011047016045105,45,
boe_millennium_e1_registered,496,retained,0.005820493677757263,37,
boe_millennium_e1_registered,497,retained,-0.000816300641523645,40,
boe_millennium_e1_registered,498,retained,0.02190674056902308,33,
boe_millennium_e1_registered,499,retained,-0.0058588062200232395,38,
boe_millennium_e1_registered,500,retained,-0.02255538348545435,45,
boe_millennium_e1_registered,501,retained,0.0053526995905492656,46,
boe_millennium_e1_registered,502,retained,-0.00891816231839217,46,
boe_millennium_e1_registered,503,retained,-0.0033852136116138904,46,
boe_millennium_e1_registered,504,retained,0.001792331884100691,42,
boe_millennium_e1_registered,505,retained,0.011310353652655862,45,
boe_millennium_e1_registered,506,retained,-0.01425859514102763,44,
boe_millennium_e1_registered,507,retained,-0.004302702125813209,42,
boe_millennium_e1_registered,508,retained,-0.0108447129519943,47,
boe_millennium_e1_registered,509,retained,-0.004554099035035815,34,
boe_millennium_e1_registered,510,retained,-0.0037426455024188836,37,
boe_millennium_e1_registered,511,retained,-0.01901374874873094,40,
boe_millennium_e1_registered,512,retained,-0.00023887481850169484,45,
boe_millennium_e1_registered,513,retained,0.009785948728360567,44,
boe_millennium_e1_registered,514,retained,0.008014131382553727,38,
boe_millennium_e1_registered,515,retained,0.0036820586969569134,39,
boe_millennium_e1_registered,516,retained,0.016204910332276994,47,
boe_millennium_e1_registered,517,retained,0.0013752892662589808,41,
boe_millennium_e1_registered,518,retained,-0.0007629472571340088,39,
boe_millennium_e1_registered,519,retained,-0.024393840743695695,47,
boe_millennium_e1_registered,520,retained,0.0041596541260471446,44,
boe_millennium_e1_registered,521,retained,0.005035839673546884,41,
boe_millennium_e1_registered,522,retained,0.01233191963214542,39,
boe_millennium_e1_registered,523,retained,-0.001381803502873696,43,
boe_millennium_e1_registered,524,retained,-0.006465069118083914,45,
boe_millennium_e1_registered,525,retained,-0.007441730433553931,46,
boe_millennium_e1_registered,526,retained,-0.015208118544470808,40,
boe_millennium_e1_registered,527,retained,0.0005479369179187374,44,
boe_millennium_e1_registered,528,retained,-0.004676055275797224,40,
boe_millennium_e1_registered,529,retained,-0.026271220570798795,43,
boe_millennium_e1_registered,530,retained,-0.017848060951078423,42,
boe_millennium_e1_registered,531,retained,-0.007726642815660682,43,
boe_millennium_e1_registered,532,retained,-0.014404458790947434,47,
boe_millennium_e1_registered,533,retained,0.0027103985794425076,41,
boe_millennium_e1_registered,534,retained,0.007854916047349792,44,
boe_millennium_e1_registered,535,retained,0.0032003702637248945,45,
boe_millennium_e1_registered,536,retained,-0.018502230651248227,45,
boe_millennium_e1_registered,537,retained,0.0044630211133645835,42,
boe_millennium_e1_registered,538,retained,0.00437259674683633,38,
boe_millennium_e1_registered,539,retained,0.002306400208480471,43,
boe_millennium_e1_registered,540,retained,0.006022539029336941,43,
boe_millennium_e1_registered,541,retained,-0.00926132493848367,43,
boe_millennium_e1_registered,542,retained,-0.011092897045811897,39,
boe_millennium_e1_registered,543,retained,-0.01668979062726068,40,
boe_millennium_e1_registered,544,retained,0.002109774728374169,42,
boe_millennium_e1_registered,545,retained,0.0051453317131373985,38,
boe_millennium_e1_registered,546,retained,-0.004354462815707742,44,
boe_millennium_e1_registered,547,retained,-0.005608862154143819,42,
boe_millennium_e1_registered,548,retained,-0.0172977177536502,41,
boe_millennium_e1_registered,549,retained,-0.0028960839831622433,40,
boe_millennium_e1_registered,550,retained,0.0057976488386034504,41,
boe_millennium_e1_registered,551,retained,-0.011510437841247273,41,
boe_millennium_e1_registered,552,retained,0.021514636974075997,49,
boe_millennium_e1_registered,553,retained,-0.006044773233327546,37,
boe_millennium_e1_registered,554,retained,0.008166943755826207,39,
boe_millennium_e1_registered,555,retained,0.0034495325333652642,46,
boe_millennium_e1_registered,556,retained,-0.006114598479049507,48,
boe_millennium_e1_registered,557,retained,0.004563910228900512,45,
boe_millennium_e1_registered,558,retained,0.014988755683831179,38,
boe_millennium_e1_registered,559,retained,0.004963152230501229,41,
boe_millennium_e1_registered,560,retained,0.006397257990833715,45,
boe_millennium_e1_registered,561,retained,0.0023382848020031557,45,
boe_millennium_e1_registered,562,retained,0.0073197921936462365,38,
boe_millennium_e1_registered,563,retained,-0.003963714716036913,47,
boe_millennium_e1_registered,564,retained,0.002615604058698977,46,
boe_millennium_e1_registered,565,retained,0.007083902251120461,44,
boe_millennium_e1_registered,566,retained,-0.012906619004702812,44,
boe_millennium_e1_registered,567,retained,0.01299354701037259,39,
boe_millennium_e1_registered,568,retained,0.018366347780048777,41,
boe_millennium_e1_registered,569,retained,-0.03546852189819977,37,
boe_millennium_e1_registered,570,retained,0.00036703769182485935,44,
boe_millennium_e1_registered,571,retained,0.023340063847246476,42,
boe_millennium_e1_registered,572,retained,-0.0016780437707540625,41,
boe_millennium_e1_registered,573,retained,0.00038418724415813135,43,
boe_millennium_e1_registered,574,retained,0.009220733968000164,40,
boe_millennium_e1_registered,575,retained,-0.025100170506675425,50,
boe_millennium_e1_registered,576,retained,-0.00399626729384673,45,
boe_millennium_e1_registered,577,retained,0.00899600384975235,40,
boe_millennium_e1_registered,578,retained,-0.016349102584760054,47,
boe_millennium_e1_registered,579,retained,-0.008585455226036168,38,
boe_millennium_e1_registered,580,retained,-0.006588065675847365,41,
boe_millennium_e1_registered,581,retained,-0.0008093859899182646,43,
boe_millennium_e1_registered,582,retained,-0.012688139608069056,37,
boe_millennium_e1_registered,583,retained,-0.015415296237415547,47,
boe_millennium_e1_registered,584,retained,-0.00251656368209552,35,
boe_millennium_e1_registered,585,retained,-0.0010307831524048127,39,
boe_millennium_e1_registered,586,retained,-0.01872700979975056,43,
boe_millennium_e1_registered,587,retained,0.0216394463098456,44,
boe_millennium_e1_registered,588,retained,-0.018761635053176108,39,
boe_millennium_e1_registered,589,retained,-0.014871549735214545,42,
boe_millennium_e1_registered,590,retained,-0.005942050121681383,43,
boe_millennium_e1_registered,591,retained,-0.013157870164195914,41,
boe_millennium_e1_registered,592,retained,-0.014633731037301494,44,
boe_millennium_e1_registered,593,retained,0.0036061962326019133,46,
boe_millennium_e1_registered,594,retained,0.015886207196996186,41,
boe_millennium_e1_registered,595,retained,-0.00617434926666747,43,
boe_millennium_e1_registered,596,retained,0.0029485544369411486,43,
boe_millennium_e1_registered,597,retained,-0.008683527074164749,42,
boe_millennium_e1_registered,598,retained,-0.01191643731166323,38,
boe_millennium_e1_registered,599,retained,0.008162655090405745,41,
boe_millennium_e1_registered,600,retained,-0.0003910624960802212,44,
boe_millennium_e1_registered,601,retained,-0.011128330799091542,45,
boe_millennium_e1_registered,602,retained,0.0015210195862283085,48,
boe_millennium_e1_registered,603,retained,-0.00937164644950699,37,
boe_millennium_e1_registered,604,retained,0.006283053493759206,46,
boe_millennium_e1_registered,605,retained,0.020924790003737582,40,
boe_millennium_e1_registered,606,retained,-0.04110131646113001,42,
boe_millennium_e1_registered,607,retained,-0.03343817485907742,43,
boe_millennium_e1_registered,608,retained,0.019232338560477295,40,
boe_millennium_e1_registered,609,retained,-0.006160144138439713,44,
boe_millennium_e1_registered,610,retained,-0.00918138584511918,47,
boe_millennium_e1_registered,611,retained,-0.004243275611255677,45,
boe_millennium_e1_registered,612,retained,-0.0007398795613666483,45,
boe_millennium_e1_registered,613,retained,-0.003395084741733301,48,
boe_millennium_e1_registered,614,retained,-0.01783244824423838,38,
boe_millennium_e1_registered,615,retained,-0.01640955019835137,48,
boe_millennium_e1_registered,616,retained,0.0015826910070043307,52,
boe_millennium_e1_registered,617,retained,-0.02542406369279429,40,
boe_millennium_e1_registered,618,retained,0.019582080184120602,38,
boe_millennium_e1_registered,619,retained,-0.00642362225849742,36,
boe_millennium_e1_registered,620,retained,0.023024734174920562,41,
boe_millennium_e1_registered,621,retained,-0.015337745627379785,35,
boe_millennium_e1_registered,622,retained,-0.009465753856240707,42,
boe_millennium_e1_registered,623,retained,-0.011200666012454199,45,
boe_millennium_e1_registered,624,retained,0.006970869512965757,45,
boe_millennium_e1_registered,625,retained,0.009641031650270936,49,
boe_millennium_e1_registered,626,retained,-0.0026983534208064163,41,
boe_millennium_e1_registered,627,retained,0.020013263943144486,47,
boe_millennium_e1_registered,628,retained,-0.014493188360204839,43,
boe_millennium_e1_registered,629,retained,0.006637725872282284,43,
boe_millennium_e1_registered,630,retained,-0.007271259330663982,44,
boe_millennium_e1_registered,631,retained,-0.0007918231423026812,44,
boe_millennium_e1_registered,632,retained,-0.01030972735637835,48,
boe_millennium_e1_registered,633,retained,-0.0040895406232461596,51,
boe_millennium_e1_registered,634,retained,0.008711689929025261,41,
boe_millennium_e1_registered,635,retained,-0.015249737894379183,44,
boe_millennium_e1_registered,636,retained,-0.006285657459286168,45,
boe_millennium_e1_registered,637,retained,0.0002502109279291148,45,
boe_millennium_e1_registered,638,retained,-0.016786759758581127,45,
boe_millennium_e1_registered,639,retained,0.0019376438159689595,41,
boe_millennium_e1_registered,640,retained,0.012103801036230658,37,
boe_millennium_e1_registered,641,retained,-0.011664952250952133,41,
boe_millennium_e1_registered,642,retained,-0.007156813368233639,44,
boe_millennium_e1_registered,643,retained,-0.009521862189107406,40,
boe_millennium_e1_registered,644,retained,-0.009772096043015521,39,
boe_millennium_e1_registered,645,retained,-0.0018092887157126556,40,
boe_millennium_e1_registered,646,retained,0.03150626905753029,39,
boe_millennium_e1_registered,647,retained,0.0019114050326748452,38,
boe_millennium_e1_registered,648,retained,-0.008645775842655905,38,
boe_millennium_e1_registered,649,retained,0.010543882722005014,43,
boe_millennium_e1_registered,650,retained,0.0037471039292314313,39,
boe_millennium_e1_registered,651,retained,-0.002854512391636424,44,
boe_millennium_e1_registered,652,retained,-0.004013393239090411,46,
boe_millennium_e1_registered,653,retained,0.0014846786718858093,46,
boe_millennium_e1_registered,654,retained,-0.013303515337046384,44,
boe_millennium_e1_registered,655,retained,-0.019775982659627572,46,
boe_millennium_e1_registered,656,retained,-0.0016075793275503504,37,
boe_millennium_e1_registered,657,retained,-0.008606198455185008,43,
boe_millennium_e1_registered,658,retained,-0.013633674747325205,43,
boe_millennium_e1_registered,659,retained,0.005417593692938145,42,
boe_millennium_e1_registered,660,retained,0.01082297811213542,42,
boe_millennium_e1_registered,661,retained,0.02535918578660067,45,
boe_millennium_e1_registered,662,retained,0.013117847428156354,48,
boe_millennium_e1_registered,663,retained,-0.012351520642594484,40,
boe_millennium_e1_registered,664,retained,-0.021668559964059194,44,
boe_millennium_e1_registered,665,retained,0.012629991098900315,42,
boe_millennium_e1_registered,666,retained,0.016952391477942134,41,
boe_millennium_e1_registered,667,retained,-0.010617308168206748,42,
boe_millennium_e1_registered,668,retained,-0.012033161072482822,42,
boe_millennium_e1_registered,669,retained,0.006187294643528849,39,
boe_millennium_e1_registered,670,retained,0.009049324807160844,43,
boe_millennium_e1_registered,671,retained,0.004509633092239633,42,
boe_millennium_e1_registered,672,retained,-0.024932678366030997,45,
boe_millennium_e1_registered,673,retained,-0.032243015895518326,39,
boe_millennium_e1_registered,674,retained,-0.007124472119715291,43,
boe_millennium_e1_registered,675,retained,-0.0017369827161257778,45,
boe_millennium_e1_registered,676,retained,0.006288988725143546,45,
boe_millennium_e1_registered,677,retained,-0.030802447631227477,39,
boe_millennium_e1_registered,678,retained,-0.0036435856160811245,43,
boe_millennium_e1_registered,679,retained,-0.0026612140903025687,44,
boe_millennium_e1_registered,680,retained,0.0012410844672067706,36,
boe_millennium_e1_registered,681,retained,-0.010623928907902664,40,
boe_millennium_e1_registered,682,retained,0.01831158252114975,41,
boe_millennium_e1_registered,683,retained,-0.012236234321292817,42,
boe_millennium_e1_registered,684,retained,0.01614532795325256,45,
boe_millennium_e1_registered,685,retained,-0.005906754629038566,44,
boe_millennium_e1_registered,686,retained,-0.007206969986925526,40,
boe_millennium_e1_registered,687,retained,0.002916167995511378,43,
boe_millennium_e1_registered,688,retained,0.02224291489957813,40,
boe_millennium_e1_registered,689,retained,-0.01801256025152077,41,
boe_millennium_e1_registered,690,retained,-0.014507616879142557,42,
boe_millennium_e1_registered,691,retained,-0.009432505452660897,39,
boe_millennium_e1_registered,692,retained,-0.007808286222942344,44,
boe_millennium_e1_registered,693,retained,0.014053681261171558,42,
boe_millennium_e1_registered,694,retained,-0.005093343811782981,37,
boe_millennium_e1_registered,695,retained,0.027909467106595198,45,
boe_millennium_e1_registered,696,retained,0.0032318062607130304,47,
boe_millennium_e1_registered,697,retained,-0.00014717467737052702,44,
boe_millennium_e1_registered,698,retained,-0.001864675265557923,42,
boe_millennium_e1_registered,699,retained,-0.001490636189092135,42,
boe_millennium_e1_registered,700,retained,-0.02296036247400855,47,
boe_millennium_e1_registered,701,retained,0.0037857270136735406,42,
boe_millennium_e1_registered,702,retained,-0.01088654972848258,39,
boe_millennium_e1_registered,703,retained,-0.022793738463183836,41,
boe_millennium_e1_registered,704,retained,-0.012172845934641704,46,
boe_millennium_e1_registered,705,retained,-0.014672921134942408,43,
boe_millennium_e1_registered,706,retained,0.017736616384784593,43,
boe_millennium_e1_registered,707,retained,-0.007733334031798669,43,
boe_millennium_e1_registered,708,retained,-0.011152747529367072,47,
boe_millennium_e1_registered,709,retained,-0.01266762717001003,40,
boe_millennium_e1_registered,710,retained,0.022324163746157772,39,
boe_millennium_e1_registered,711,retained,-0.016799174400896375,38,
boe_millennium_e1_registered,712,retained,-0.024704998839590486,44,
boe_millennium_e1_registered,713,retained,-0.01786839696953767,47,
boe_millennium_e1_registered,714,retained,-0.00432174723809267,52,
boe_millennium_e1_registered,715,retained,-0.020556780678158942,49,
boe_millennium_e1_registered,716,retained,0.007064789362359008,40,
boe_millennium_e1_registered,717,retained,0.011858535923781364,46,
boe_millennium_e1_registered,718,retained,-0.006096659645043572,39,
boe_millennium_e1_registered,719,retained,0.002283867777029589,46,
boe_millennium_e1_registered,720,retained,-0.002628979243143402,44,
boe_millennium_e1_registered,721,retained,-0.01096980005145239,44,
boe_millennium_e1_registered,722,retained,0.004894886904663694,47,
boe_millennium_e1_registered,723,retained,-0.030226123483654645,49,
boe_millennium_e1_registered,724,retained,-0.006803665722687126,45,
boe_millennium_e1_registered,725,retained,0.016218045796228667,45,
boe_millennium_e1_registered,726,retained,0.0017656628818031445,41,
boe_millennium_e1_registered,727,retained,0.006619781588854573,41,
boe_millennium_e1_registered,728,retained,0.004300144140574664,41,
boe_millennium_e1_registered,729,retained,-0.0093723694212778,47,
boe_millennium_e1_registered,730,retained,-0.009364664289674994,36,
boe_millennium_e1_registered,731,retained,-0.02337298209388374,44,
boe_millennium_e1_registered,732,retained,-0.007514591965508698,43,
boe_millennium_e1_registered,733,retained,-0.00906302646246633,48,
boe_millennium_e1_registered,734,retained,-0.03276258458650899,46,
boe_millennium_e1_registered,735,retained,0.006104798556869328,42,
boe_millennium_e1_registered,736,retained,-0.007410630488582784,38,
boe_millennium_e1_registered,737,retained,0.012114559881859064,47,
boe_millennium_e1_registered,738,retained,-0.011394962364342285,44,
boe_millennium_e1_registered,739,retained,0.010444790566809446,42,
boe_millennium_e1_registered,740,retained,-0.01814616977200452,38,
boe_millennium_e1_registered,741,retained,-0.02098357477822157,45,
boe_millennium_e1_registered,742,retained,0.005069897857486019,40,
boe_millennium_e1_registered,743,retained,0.00244936890659348,46,
boe_millennium_e1_registered,744,retained,-0.008077595020707104,41,
boe_millennium_e1_registered,745,retained,-0.0006644197423345497,48,
boe_millennium_e1_registered,746,retained,-0.00806740666111006,38,
boe_millennium_e1_registered,747,retained,-0.015269242539931414,45,
boe_millennium_e1_registered,748,retained,-0.005411528149387521,44,
boe_millennium_e1_registered,749,retained,-0.016853515819053706,42,
boe_millennium_e1_registered,750,retained,-0.010167741289857937,43,
boe_millennium_e1_registered,751,retained,0.0026221266746462735,43,
boe_millennium_e1_registered,752,retained,0.023019146531812282,35,
boe_millennium_e1_registered,753,retained,0.009351001117407292,41,
boe_millennium_e1_registered,754,retained,-0.013536453869707941,47,
boe_millennium_e1_registered,755,retained,-0.027904493498540576,43,
boe_millennium_e1_registered,756,retained,0.006202621250231027,40,
boe_millennium_e1_registered,757,retained,0.0065348181483687665,46,
boe_millennium_e1_registered,758,retained,0.026585464523292777,43,
boe_millennium_e1_registered,759,retained,-0.0008748470321761964,41,
boe_millennium_e1_registered,760,retained,0.008764621982558828,44,
boe_millennium_e1_registered,761,retained,0.017961803880017464,42,
boe_millennium_e1_registered,762,retained,-0.0061089008860710885,40,
boe_millennium_e1_registered,763,retained,-0.004239825377060446,32,
boe_millennium_e1_registered,764,retained,-0.00019361810474374013,46,
boe_millennium_e1_registered,765,retained,-0.013257926241218899,44,
boe_millennium_e1_registered,766,retained,-0.015985374510557922,43,
boe_millennium_e1_registered,767,retained,-0.010570608093514828,43,
boe_millennium_e1_registered,768,retained,-0.0026495646258582533,40,
boe_millennium_e1_registered,769,retained,-0.0019973867945409338,41,
boe_millennium_e1_registered,770,retained,-0.025364330753074735,39,
boe_millennium_e1_registered,771,retained,-0.022452452723152327,37,
boe_millennium_e1_registered,772,retained,-0.004716508416120433,51,
boe_millennium_e1_registered,773,retained,0.020748267506851777,42,
boe_millennium_e1_registered,774,retained,-0.014679557628488228,39,
boe_millennium_e1_registered,775,retained,0.00159699968777029,46,
boe_millennium_e1_registered,776,retained,0.0016701516464440302,46,
boe_millennium_e1_registered,777,retained,-0.006658843719348901,41,
boe_millennium_e1_registered,778,retained,0.0037943311523260916,42,
boe_millennium_e1_registered,779,retained,0.0354626665988847,35,
boe_millennium_e1_registered,780,retained,-0.020266610501767528,42,
boe_millennium_e1_registered,781,retained,0.018763289594134883,44,
boe_millennium_e1_registered,782,retained,0.013028831569237922,42,
boe_millennium_e1_registered,783,retained,-0.017748257721134572,44,
boe_millennium_e1_registered,784,retained,0.006911999256257321,45,
boe_millennium_e1_registered,785,retained,-0.00016630014445513717,42,
boe_millennium_e1_registered,786,retained,0.00885866635734294,42,
boe_millennium_e1_registered,787,retained,0.009155974137320878,48,
boe_millennium_e1_registered,788,retained,0.009088782649647792,42,
boe_millennium_e1_registered,789,retained,-0.01777347090196633,39,
boe_millennium_e1_registered,790,retained,-0.004756400757979522,39,
boe_millennium_e1_registered,791,retained,-0.004259866333888367,45,
boe_millennium_e1_registered,792,retained,0.00404592343373825,43,
boe_millennium_e1_registered,793,retained,0.015215697151373,37,
boe_millennium_e1_registered,794,retained,-0.009397415243620528,42,
boe_millennium_e1_registered,795,retained,-0.013065639307143724,46,
boe_millennium_e1_registered,796,retained,0.0019771279139255225,47,
boe_millennium_e1_registered,797,retained,-0.005757764634930748,39,
boe_millennium_e1_registered,798,retained,0.003395959514612723,43,
boe_millennium_e1_registered,799,retained,0.005920336272309885,44,
boe_millennium_e1_registered,800,retained,0.007008921228690652,37,
boe_millennium_e1_registered,801,retained,-0.012926408637131494,52,
boe_millennium_e1_registered,802,retained,-0.005281538618752854,43,
boe_millennium_e1_registered,803,retained,-0.011051167061310315,38,
boe_millennium_e1_registered,804,retained,-0.001690691236028735,44,
boe_millennium_e1_registered,805,retained,-0.035912197836361716,38,
boe_millennium_e1_registered,806,retained,-0.0014815536222601436,43,
boe_millennium_e1_registered,807,retained,0.013736706252364195,38,
boe_millennium_e1_registered,808,retained,-0.0009366228523023359,43,
boe_millennium_e1_registered,809,retained,-0.006852063955130299,47,
boe_millennium_e1_registered,810,retained,0.0036172483451178883,43,
boe_millennium_e1_registered,811,retained,-0.003051466550141036,48,
boe_millennium_e1_registered,812,retained,-0.01264906427885103,42,
boe_millennium_e1_registered,813,retained,0.003098272852973035,48,
boe_millennium_e1_registered,814,retained,-0.015457292409592023,44,
boe_millennium_e1_registered,815,retained,0.007302849638107105,42,
boe_millennium_e1_registered,816,retained,-0.009758520526419361,50,
boe_millennium_e1_registered,817,retained,0.006725853627216724,47,
boe_millennium_e1_registered,818,retained,-0.00542824029718498,34,
boe_millennium_e1_registered,819,retained,0.0016251179921808454,42,
boe_millennium_e1_registered,820,retained,0.0027462111316626557,40,
boe_millennium_e1_registered,821,retained,-0.031249002284416637,47,
boe_millennium_e1_registered,822,retained,-0.008494142384001214,43,
boe_millennium_e1_registered,823,retained,-0.017414924436560116,45,
boe_millennium_e1_registered,824,retained,0.0041680186935291064,42,
boe_millennium_e1_registered,825,retained,-0.0014157245743630976,44,
boe_millennium_e1_registered,826,retained,0.004890392334303368,40,
boe_millennium_e1_registered,827,retained,-0.011135425339313672,36,
boe_millennium_e1_registered,828,retained,0.004588547538978367,45,
boe_millennium_e1_registered,829,retained,-0.022696052914298433,44,
boe_millennium_e1_registered,830,retained,-0.020686374163122336,40,
boe_millennium_e1_registered,831,retained,0.00024246565769313333,46,
boe_millennium_e1_registered,832,retained,0.005677347257561403,43,
boe_millennium_e1_registered,833,retained,-0.014092261556604728,39,
boe_millennium_e1_registered,834,retained,-0.0020474898786391068,48,
boe_millennium_e1_registered,835,retained,0.011255556487172063,46,
boe_millennium_e1_registered,836,retained,0.0058537115216825975,44,
boe_millennium_e1_registered,837,retained,0.016967817794015023,41,
boe_millennium_e1_registered,838,retained,0.0010976466000231888,43,
boe_millennium_e1_registered,839,retained,-0.004204028965576267,43,
boe_millennium_e1_registered,840,retained,0.010007527794456714,41,
boe_millennium_e1_registered,841,retained,-0.0008735764483200517,41,
boe_millennium_e1_registered,842,retained,0.016667025425385847,46,
boe_millennium_e1_registered,843,retained,-0.0031247515238243258,43,
boe_millennium_e1_registered,844,retained,0.002643811421768805,37,
boe_millennium_e1_registered,845,retained,-0.008812018613125819,47,
boe_millennium_e1_registered,846,retained,0.0032072925120518758,40,
boe_millennium_e1_registered,847,retained,0.015601977741239914,40,
boe_millennium_e1_registered,848,retained,-0.005410760865359182,37,
boe_millennium_e1_registered,849,retained,0.012254058579004443,45,
boe_millennium_e1_registered,850,retained,-0.012286292055831819,43,
boe_millennium_e1_registered,851,retained,-0.008758358760329486,44,
boe_millennium_e1_registered,852,retained,-0.023890779795189655,44,
boe_millennium_e1_registered,853,retained,0.0006910146193338686,43,
boe_millennium_e1_registered,854,retained,-0.00596258496130409,41,
boe_millennium_e1_registered,855,retained,-0.014798747425830315,45,
boe_millennium_e1_registered,856,retained,-0.010617325886019973,42,
boe_millennium_e1_registered,857,retained,0.005679554040661079,40,
boe_millennium_e1_registered,858,retained,-0.0011149146079713406,46,
boe_millennium_e1_registered,859,retained,0.019268445457693562,51,
boe_millennium_e1_registered,860,retained,-0.004078249525726607,40,
boe_millennium_e1_registered,861,retained,-0.005894882155880283,47,
boe_millennium_e1_registered,862,retained,-0.0030579682263725833,47,
boe_millennium_e1_registered,863,retained,-0.007654920746591873,41,
boe_millennium_e1_registered,864,retained,0.004349330334920598,39,
boe_millennium_e1_registered,865,retained,-0.015182481209753138,40,
boe_millennium_e1_registered,866,retained,0.005877819101922157,42,
boe_millennium_e1_registered,867,retained,0.012844994285177172,42,
boe_millennium_e1_registered,868,retained,-0.005869174812218667,47,
boe_millennium_e1_registered,869,retained,-0.0012538373775110687,41,
boe_millennium_e1_registered,870,retained,-0.009298042054705927,38,
boe_millennium_e1_registered,871,retained,0.01389240045513504,39,
boe_millennium_e1_registered,872,retained,-0.008139831761512863,44,
boe_millennium_e1_registered,873,retained,-0.01085737354964486,42,
boe_millennium_e1_registered,874,retained,0.015199936642521929,41,
boe_millennium_e1_registered,875,retained,-0.026362341024507047,42,
boe_millennium_e1_registered,876,retained,-0.015372531104727612,38,
boe_millennium_e1_registered,877,retained,-0.006434094035872844,49,
boe_millennium_e1_registered,878,retained,-0.007954465154411493,47,
boe_millennium_e1_registered,879,retained,-0.00474112606498835,47,
boe_millennium_e1_registered,880,retained,0.010036041801694198,43,
boe_millennium_e1_registered,881,retained,0.004493748842510967,45,
boe_millennium_e1_registered,882,retained,0.013848742168439438,34,
boe_millennium_e1_registered,883,retained,-0.005390525755764708,41,
boe_millennium_e1_registered,884,retained,-0.010325258251583562,46,
boe_millennium_e1_registered,885,retained,0.014007160153855018,39,
boe_millennium_e1_registered,886,retained,-0.019891708062782405,40,
boe_millennium_e1_registered,887,retained,-0.01653835813491014,50,
boe_millennium_e1_registered,888,retained,-0.009391136825425977,41,
boe_millennium_e1_registered,889,retained,0.006661781026804597,42,
boe_millennium_e1_registered,890,retained,0.008890622674836752,46,
boe_millennium_e1_registered,891,retained,-0.011130364839726794,46,
boe_millennium_e1_registered,892,retained,-0.00996805758855181,40,
boe_millennium_e1_registered,893,retained,0.004647901095906012,48,
boe_millennium_e1_registered,894,retained,-0.012177618145910254,45,
boe_millennium_e1_registered,895,retained,-0.011174274058226307,44,
boe_millennium_e1_registered,896,retained,-0.00881364973899834,47,
boe_millennium_e1_registered,897,retained,-0.005738161897091934,43,
boe_millennium_e1_registered,898,retained,-0.006902824525776358,39,
boe_millennium_e1_registered,899,retained,-0.02034660079192054,50,
boe_millennium_e1_registered,900,retained,0.01634099518596669,38,
boe_millennium_e1_registered,901,retained,-0.010206415556985305,42,
boe_millennium_e1_registered,902,retained,0.007224631287607646,41,
boe_millennium_e1_registered,903,retained,-0.027315443720755356,43,
boe_millennium_e1_registered,904,retained,-0.026668318191764066,42,
boe_millennium_e1_registered,905,retained,-0.0021410644563063424,43,
boe_millennium_e1_registered,906,retained,0.0029899761559613763,41,
boe_millennium_e1_registered,907,retained,-0.018285628058034176,44,
boe_millennium_e1_registered,908,retained,0.016244270458641248,51,
boe_millennium_e1_registered,909,retained,-0.026067130484747715,40,
boe_millennium_e1_registered,910,retained,-0.03295267945112201,43,
boe_millennium_e1_registered,911,retained,-0.0035398875982214965,45,
boe_millennium_e1_registered,912,retained,-0.02393736471282384,46,
boe_millennium_e1_registered,913,retained,-0.006129909586475459,41,
boe_millennium_e1_registered,914,retained,0.014757072731590635,46,
boe_millennium_e1_registered,915,retained,-0.016803760363429295,42,
boe_millennium_e1_registered,916,retained,0.008678397410853541,46,
boe_millennium_e1_registered,917,retained,-0.009596008193537729,44,
boe_millennium_e1_registered,918,retained,-0.002892188239006638,44,
boe_millennium_e1_registered,919,retained,-0.017108655984510814,50,
boe_millennium_e1_registered,920,retained,-0.00845989040851779,44,
boe_millennium_e1_registered,921,retained,-0.004009952413322141,45,
boe_millennium_e1_registered,922,retained,-0.005435491428079582,43,
boe_millennium_e1_registered,923,retained,0.017465147955523123,44,
boe_millennium_e1_registered,924,retained,-0.004487206574668949,50,
boe_millennium_e1_registered,925,retained,0.00879606162248855,39,
boe_millennium_e1_registered,926,retained,-0.012942214720620937,40,
boe_millennium_e1_registered,927,retained,-0.012009637465360906,43,
boe_millennium_e1_registered,928,retained,0.019572603721233046,42,
boe_millennium_e1_registered,929,retained,0.007564456607181365,41,
boe_millennium_e1_registered,930,retained,-0.03223517115638143,42,
boe_millennium_e1_registered,931,retained,-0.017407370618982967,50,
boe_millennium_e1_registered,932,retained,-0.015249050373485057,47,
boe_millennium_e1_registered,933,retained,0.008631709690839644,41,
boe_millennium_e1_registered,934,retained,0.006671967423722977,40,
boe_millennium_e1_registered,935,retained,0.005825946234288111,48,
boe_millennium_e1_registered,936,retained,0.00706521742993043,48,
boe_millennium_e1_registered,937,retained,-0.014912540194544367,43,
boe_millennium_e1_registered,938,retained,0.015971542089820077,41,
boe_millennium_e1_registered,939,retained,-0.009773615537007209,48,
boe_millennium_e1_registered,940,retained,-0.00931882803998889,39,
boe_millennium_e1_registered,941,retained,0.022934192899574882,42,
boe_millennium_e1_registered,942,retained,-0.0015821395607725519,39,
boe_millennium_e1_registered,943,retained,-0.01874365115063632,46,
boe_millennium_e1_registered,944,retained,-0.004897673268752336,48,
boe_millennium_e1_registered,945,retained,0.003236220507731733,47,
boe_millennium_e1_registered,946,retained,-0.01735044371925274,42,
boe_millennium_e1_registered,947,retained,0.0012302861204196807,36,
boe_millennium_e1_registered,948,retained,-0.004552098880929481,43,
boe_millennium_e1_registered,949,retained,-0.0003640125768819078,48,
boe_millennium_e1_registered,950,retained,0.010552623418372004,40,
boe_millennium_e1_registered,951,retained,-0.002484342217108656,42,
boe_millennium_e1_registered,952,retained,0.006761111641271799,45,
boe_millennium_e1_registered,953,retained,0.004364976552389282,45,
boe_millennium_e1_registered,954,retained,-0.006603597904663566,41,
boe_millennium_e1_registered,955,retained,-0.004173553672177656,46,
boe_millennium_e1_registered,956,retained,-0.015422869901208544,38,
boe_millennium_e1_registered,957,retained,-0.014114190760985253,43,
boe_millennium_e1_registered,958,retained,-0.005549733009789775,43,
boe_millennium_e1_registered,959,retained,-0.008454478519834314,40,
boe_millennium_e1_registered,960,retained,-0.020505637013660226,45,
boe_millennium_e1_registered,961,retained,0.0034958505397679343,45,
boe_millennium_e1_registered,962,retained,0.004327566347356508,45,
boe_millennium_e1_registered,963,retained,-0.008636430082052754,41,
boe_millennium_e1_registered,964,retained,0.02474306634132502,41,
boe_millennium_e1_registered,965,retained,0.015441973826298732,45,
boe_millennium_e1_registered,966,retained,0.005169496799589657,42,
boe_millennium_e1_registered,967,retained,0.0018783136959118175,42,
boe_millennium_e1_registered,968,retained,-0.022097034323024206,41,
boe_millennium_e1_registered,969,retained,0.002393529662160805,39,
boe_millennium_e1_registered,970,retained,-0.004624149880480992,42,
boe_millennium_e1_registered,971,retained,0.001041877263687121,43,
boe_millennium_e1_registered,972,retained,-0.018122400355438745,48,
boe_millennium_e1_registered,973,retained,0.0006285726947211427,43,
boe_millennium_e1_registered,974,retained,0.010446615049211001,45,
boe_millennium_e1_registered,975,retained,-0.007691517120499719,40,
boe_millennium_e1_registered,976,retained,0.006781418780021858,36,
boe_millennium_e1_registered,977,retained,0.004842961490893116,44,
boe_millennium_e1_registered,978,retained,-0.009147615946262096,47,
boe_millennium_e1_registered,979,retained,0.005425870652858418,42,
boe_millennium_e1_registered,980,retained,-0.0198826294176014,47,
boe_millennium_e1_registered,981,retained,-0.003991862744755228,47,
boe_millennium_e1_registered,982,retained,-0.004469990379960053,42,
boe_millennium_e1_registered,983,retained,-0.01287852376668949,44,
boe_millennium_e1_registered,984,retained,-0.005390214876543594,43,
boe_millennium_e1_registered,985,retained,0.0029292529511629945,41,
boe_millennium_e1_registered,986,retained,-0.016188526535513777,42,
boe_millennium_e1_registered,987,retained,-0.005656069316412893,45,
boe_millennium_e1_registered,988,retained,-0.003809209451445239,40,
boe_millennium_e1_registered,989,retained,-0.001748094102798075,53,
boe_millennium_e1_registered,990,retained,-0.007464681160441166,47,
boe_millennium_e1_registered,991,retained,0.008951865917610125,48,
boe_millennium_e1_registered,992,retained,0.014388393198685435,48,
boe_millennium_e1_registered,993,retained,0.004600896923435218,41,
boe_millennium_e1_registered,994,retained,-0.002366359363854645,38,
boe_millennium_e1_registered,995,retained,0.0011499716191400746,46,
boe_millennium_e1_registered,996,retained,0.00672323121941481,46,
boe_millennium_e1_registered,997,retained,0.0011099662009035826,41,
boe_millennium_e1_registered,998,retained,0.006674300706271919,40,
boe_millennium_e1_registered,999,retained,-0.01541387112198934,39,
