data_kind,episode,onset,onset_year,end,end_year
boe_millennium_e1_registered,0,1,1702,2,1703
boe_millennium_e1_registered,0,4,1705,5,1706
boe_millennium_e1_registered,1,8,1709,9,1710
boe_millennium_e1_registered,1,11,1712,12,1713
boe_millennium_e1_registered,1,14,1715,14,1715
boe_millennium_e1_registered,2,18,1719,18,1719
boe_millennium_e1_registered,2,20,1721,20,1721
boe_millennium_e1_registered,2,22,1723,23,1724
boe_millennium_e1_registered,2,25,1726,26,1727
boe_millennium_e1_registered,2,28,1729,28,1729
boe_millennium_e1_registered,2,30,1731,30,1731
boe_millennium_e1_registered,3,33,1734,34,1735
boe_millennium_e1_registered,3,36,1737,36,1737
boe_millennium_e1_registered,3,38,1739,39,1740
boe_millennium_e1_registered,4,42,1743,43,1744
boe_millennium_e1_registered,5,47,1748,48,1749
boe_millennium_e1_registered,5,50,1751,50,1751
boe_millennium_e1_registered,6,53,1754,53,1754
boe_millennium_e1_registered,6,55,1756,55,1756
boe_millennium_e1_registered,7,61,1762,64,1765
boe_millennium_e1_registered,8,69,1770,69,1770
boe_millennium_e1_registered,8,71,1772,71,1772
boe_millennium_e1_registered,8,73,1774,73,1774
boe_millennium_e1_registered,9,77,1778,78,1779
boe_millennium_e1_registered,10,81,1782,82,1783
boe_millennium_e1_registered,10,84,1785,84,1785
boe_millennium_e1_registered,10,86,1787,87,1788
boe_millennium_e1_registered,11,92,1793,93,1794
boe_millennium_e1_registered,12,96,1797,96,1797
boe_millennium_e1_registered,13,102,1803,103,1804
boe_millennium_e1_registered,13,105,1806,105,1806
boe_millennium_e1_registered,13,107,1808,107,1808
boe_millennium_e1_registered,14,110,1811,111,1812
boe_millennium_e1_registered,14,113,1814,113,1814
boe_millennium_e1_registered,14,115,1816,115,1816
boe_millennium_e1_registered,14,117,1818,118,1819
boe_millennium_e1_registered,15,125,1826,125,1826
boe_millennium_e1_registered,16,136,1837,136,1837
boe_millennium_e1_registered,17,140,1841,141,1842
boe_millennium_e1_registered,18,146,1847,146,1847
boe_millennium_e1_registered,19,149,1850,149,1850
boe_millennium_e1_registered,20,154,1855,154,1855
boe_millennium_e1_registered,21,157,1858,157,1858
boe_millennium_e1_registered,22,161,1862,161,1862
boe_millennium_e1_registered,23,177,1878,178,1879
boe_millennium_e1_registered,24,183,1884,184,1885
boe_millennium_e1_registered,25,191,1892,192,1893
boe_millennium_e1_registered,26,199,1900,199,1900
boe_millennium_e1_registered,27,202,1903,202,1903
boe_millennium_e1_registered,28,207,1908,207,1908
boe_millennium_e1_registered,29,216,1917,216,1917
boe_millennium_e1_registered,29,218,1919,220,1921
boe_millennium_e1_registered,30,225,1926,225,1926
boe_millennium_e1_registered,31,229,1930,230,1931
boe_millennium_e1_registered,32,243,1944,246,1947
boe_millennium_e1_registered,33,273,1974,274,1975
boe_millennium_e1_registered,34,279,1980,280,1981
boe_millennium_e1_registered,35,290,1991,290,1991
boe_millennium_e1_registered,36,307,2008,308,2009
