data_kind,onset,onset_year,level_years,territories,crosses_boundary
boe_millennium_e1_registered,33,1734,"[1701,1733]","[""UK, geographically consistent estimate based on post-1922 borders""]",False
boe_millennium_e1_registered,42,1743,"[1710,1742]","[""UK, geographically consistent estimate based on post-1922 borders""]",False
boe_millennium_e1_registered,47,1748,"[1715,1747]","[""UK, geographically consistent estimate based on post-1922 borders""]",False
boe_millennium_e1_registered,53,1754,"[1721,1753]","[""UK, geographically consistent estimate based on post-1922 borders""]",False
boe_millennium_e1_registered,61,1762,"[1729,1761]","[""UK, geographically consistent estimate based on post-1922 borders""]",False
boe_millennium_e1_registered,69,1770,"[1737,1769]","[""UK, geographically consistent estimate based on post-1922 borders""]",False
boe_millennium_e1_registered,77,1778,"[1745,1777]","[""UK, geographically consistent estimate based on post-1922 borders""]",False
boe_millennium_e1_registered,81,1782,"[1749,1781]","[""UK, geographically consistent estimate based on post-1922 borders""]",False
boe_millennium_e1_registered,92,1793,"[1760,1792]","[""UK, geographically consistent estimate based on post-1922 borders""]",False
boe_millennium_e1_registered,96,1797,"[1764,1796]","[""UK, geographically consistent estimate based on post-1922 borders""]",False
boe_millennium_e1_registered,102,1803,"[1770,1802]","[""UK, geographically consistent estimate based on post-1922 borders""]",False
boe_millennium_e1_registered,110,1811,"[1778,1810]","[""UK, geographically consistent estimate based on post-1922 borders""]",False
boe_millennium_e1_registered,125,1826,"[1793,1825]","[""UK, geographically consistent estimate based on post-1922 borders""]",False
boe_millennium_e1_registered,136,1837,"[1804,1836]","[""UK, geographically consistent estimate based on post-1922 borders""]",False
boe_millennium_e1_registered,140,1841,"[1808,1840]","[""UK, geographically consistent estimate based on post-1922 borders""]",False
boe_millennium_e1_registered,146,1847,"[1814,1846]","[""UK, geographically consistent estimate based on post-1922 borders""]",False
boe_millennium_e1_registered,149,1850,"[1817,1849]","[""UK, geographically consistent estimate based on post-1922 borders""]",False
boe_millennium_e1_registered,154,1855,"[1822,1854]","[""UK, geographically consistent estimate based on post-1922 borders""]",False
boe_millennium_e1_registered,157,1858,"[1825,1857]","[""UK, geographically consistent estimate based on post-1922 borders""]",False
boe_millennium_e1_registered,161,1862,"[1829,1861]","[""UK, geographically consistent estimate based on post-1922 borders""]",False
boe_millennium_e1_registered,177,1878,"[1845,1877]","[""UK, geographically consistent estimate based on post-1922 borders""]",False
boe_millennium_e1_registered,183,1884,"[1851,1883]","[""UK, geographically consistent estimate based on post-1922 borders""]",False
boe_millennium_e1_registered,191,1892,"[1859,1891]","[""UK, geographically consistent estimate based on post-1922 borders""]",False
boe_millennium_e1_registered,199,1900,"[1867,1899]","[""UK, geographically consistent estimate based on post-1922 borders""]",False
boe_millennium_e1_registered,202,1903,"[1870,1902]","[""UK, geographically consistent estimate based on post-1922 borders""]",False
boe_millennium_e1_registered,207,1908,"[1875,1907]","[""UK, geographically consistent estimate based on post-1922 borders""]",False
boe_millennium_e1_registered,225,1926,"[1893,1925]","[""UK, geographically consistent estimate based on post-1922 borders""]",False
boe_millennium_e1_registered,229,1930,"[1897,1929]","[""UK, geographically consistent estimate based on post-1922 borders""]",False
boe_millennium_e1_registered,273,1974,"[1941,1973]","[""UK, geographically consistent estimate based on post-1922 borders""]",False
boe_millennium_e1_registered,279,1980,"[1947,1979]","[""UK, geographically consistent estimate based on post-1922 borders""]",False
boe_millennium_e1_registered,290,1991,"[1958,1990]","[""UK, geographically consistent estimate based on post-1922 borders""]",False
boe_millennium_e1_registered,307,2008,"[1975,2007]","[""UK, geographically consistent estimate based on post-1922 borders""]",False
