data_kind,position,quarter,growth,intercept,phi1,phi2,modulus,status
uk_abmi_registered,0,1955 Q2,0.2584121488602875,,,,,warmup
uk_abmi_registered,1,1955 Q3,6.660779500150227,,,,,warmup
uk_abmi_registered,2,1955 Q4,-2.3746825236230507,,,,,warmup
uk_abmi_registered,3,1956 Q1,4.960985522725281,,,,,warmup
uk_abmi_registered,4,1956 Q2,-0.3223748453486053,,,,,warmup
uk_abmi_registered,5,1956 Q3,-0.45714290689957693,,,,,warmup
uk_abmi_registered,6,1956 Q4,2.526561345104028,,,,,warmup
uk_abmi_registered,7,1957 Q1,7.217571573035997,,,,,warmup
uk_abmi_registered,8,1957 Q2,-0.12080783766990066,,,,,warmup
uk_abmi_registered,9,1957 Q3,-2.489921584632526,,,,,warmup
uk_abmi_registered,10,1957 Q4,1.3641309144176716,,,,,warmup
uk_abmi_registered,11,1958 Q1,8.496152931619605,,,,,warmup
uk_abmi_registered,12,1958 Q2,-10.079717619885997,,,,,warmup
uk_abmi_registered,13,1958 Q3,8.617504849347313,,,,,warmup
uk_abmi_registered,14,1958 Q4,1.26876360037258,,,,,warmup
uk_abmi_registered,15,1959 Q1,2.4870599748155087,,,,,warmup
uk_abmi_registered,16,1959 Q2,6.303549253225071,,,,,warmup
uk_abmi_registered,17,1959 Q3,8.398963738439136,,,,,warmup
uk_abmi_registered,18,1959 Q4,9.984929248113872,,,,,warmup
uk_abmi_registered,19,1960 Q1,9.951058031695936,,,,,warmup
uk_abmi_registered,20,1960 Q2,-2.767589321354791,,,,,warmup
uk_abmi_registered,21,1960 Q3,5.861616687130322,,,,,warmup
uk_abmi_registered,22,1960 Q4,2.187170975910391,,,,,warmup
uk_abmi_registered,23,1961 Q1,6.659571988389956,,,,,warmup
uk_abmi_registered,24,1961 Q2,1.5897529822836987,,,,,warmup
uk_abmi_registered,25,1961 Q3,-1.9322168019250796,,,,,warmup
uk_abmi_registered,26,1961 Q4,-0.818533898670637,,,,,warmup
uk_abmi_registered,27,1962 Q1,1.826820858902778,,,,,warmup
uk_abmi_registered,28,1962 Q2,3.737158120021178,,,,,warmup
uk_abmi_registered,29,1962 Q3,2.3607518712090325,,,,,warmup
uk_abmi_registered,30,1962 Q4,-1.422885087507808,,,,,warmup
uk_abmi_registered,31,1963 Q1,1.9341561026855913,,,,,warmup
uk_abmi_registered,32,1963 Q2,16.846488575850316,,,,,warmup
uk_abmi_registered,33,1963 Q3,1.7793432919127383,,,,,warmup
uk_abmi_registered,34,1963 Q4,8.945171056404178,,,,,warmup
uk_abmi_registered,35,1964 Q1,2.7349678691791723,,,,,warmup
uk_abmi_registered,36,1964 Q2,7.342526141153627,,,,,warmup
uk_abmi_registered,37,1964 Q3,1.372388668987412,,,,,warmup
uk_abmi_registered,38,1964 Q4,6.19420047804411,,,,,warmup
uk_abmi_registered,39,1965 Q1,-1.1585205903820395,3.259344515459662,-0.17003445441670773,0.13826235469705186,0.46644911315818993,ok
uk_abmi_registered,40,1965 Q2,0.28693614142554225,3.2438571192461745,-0.1368509265602899,0.11579732483282439,0.41552684451900845,ok
uk_abmi_registered,41,1965 Q3,3.0731263914219653,3.221719623446897,-0.13316128169979644,0.11389957469350549,0.41057563562378824,ok
uk_abmi_registered,42,1965 Q4,2.583239802411441,3.3233072322728976,-0.13000660043679368,0.09838894214807063,0.3853380800774588,ok
uk_abmi_registered,43,1966 Q1,0.65012228802388,3.393171462660601,-0.14499104463212897,0.1055210459351491,0.40532678090069335,ok
uk_abmi_registered,44,1966 Q2,2.319166637862935,3.395042886787292,-0.14554772016795858,0.10262208449394851,0.40128279330417516,ok
uk_abmi_registered,45,1966 Q3,1.2974234415800368,3.118706187785805,-0.1356606980514369,0.12859276664692185,0.43278750116261333,ok
uk_abmi_registered,46,1966 Q4,-1.6018098109228163,2.9608667486902314,-0.11119097763279973,0.13556153197024995,0.42795605378936313,ok
uk_abmi_registered,47,1967 Q1,5.306207230117366,3.209156668557298,-0.14352169614031607,0.15897788818015463,0.4768873807681571,ok
uk_abmi_registered,48,1967 Q2,5.577183265287289,3.482896114380339,-0.15537861775465223,0.13001775770886773,0.4465434621990751,ok
uk_abmi_registered,49,1967 Q3,1.650297223802255,3.115875740549239,-0.13945338316000402,0.16793067150507487,0.4854098437810115,ok
uk_abmi_registered,50,1967 Q4,2.039609601722958,3.2007436986918796,-0.05751153152480125,0.14678135244346777,0.41295395226000736,ok
uk_abmi_registered,51,1968 Q1,14.565390827346647,3.3669233439548836,-0.009289349250448577,0.10474381535961984,0.3283194934820424,ok
uk_abmi_registered,52,1968 Q2,-1.676591072642708,3.5602522634347262,-0.0817261632840809,0.09419913900229783,0.3504901645071895,ok
uk_abmi_registered,53,1968 Q3,7.7094887499093545,3.561690166370888,-0.10231425650609056,0.14567483777096008,0.4362439879899865,ok
uk_abmi_registered,54,1968 Q4,1.3327597917268008,3.3919503845932795,-0.10205030384898502,0.1633003034143414,0.458338139126299,ok
uk_abmi_registered,55,1969 Q1,-0.6137392633249306,3.2121212082710673,-0.10785012976423228,0.14391766829172642,0.43710332746268954,ok
uk_abmi_registered,56,1969 Q2,2.913151075732401,3.2812134010907537,-0.15489464335659886,0.11505574157318237,0.42537522974019143,ok
uk_abmi_registered,57,1969 Q3,2.218899176861555,3.541467389605428,-0.2371871116208119,0.05434773198576276,0.38015074547553185,ok
uk_abmi_registered,58,1969 Q4,1.8008964125179716,3.231303492241757,-0.17064243243000085,0.11562307589980306,0.4358961523359529,ok
uk_abmi_registered,59,1970 Q1,-2.4716683121170036,2.989242943108275,-0.1490558875815593,0.11564788947378406,0.42266915634606683,ok
uk_abmi_registered,60,1970 Q2,9.446107071166665,3.3463184009384226,-0.2035895112936917,0.09752710037061531,0.4302597806461848,ok
uk_abmi_registered,61,1970 Q3,3.7893702760683823,3.3555854014316626,-0.18141433676925678,0.06533939580070297,0.3619398843262351,ok
uk_abmi_registered,62,1970 Q4,3.6840137782135685,3.3573207166888235,-0.1762754299214266,0.06920480376003614,0.3655779077204,ok
uk_abmi_registered,63,1971 Q1,-1.8959201188557984,3.3455007363426863,-0.18883927199056688,0.09127797019883693,0.4109524745133727,ok
uk_abmi_registered,64,1971 Q2,7.098706456911685,3.8000297745489577,-0.2511559949172379,0.07111076664364326,0.42033315023692097,ok
uk_abmi_registered,65,1971 Q3,6.74530885052107,4.1307159534383,-0.2490164983038869,0.01987255275464182,0.3125902973690028,ok
uk_abmi_registered,66,1971 Q4,1.5353965669888225,4.14881969106323,-0.2560195262438898,0.012408161372298982,0.2976996591877844,ok
uk_abmi_registered,67,1972 Q1,0.8730881548522973,4.132104917135107,-0.25167187373837263,-0.0033615011306311372,0.2375193370552243,ok
uk_abmi_registered,68,1972 Q2,10.417483413818474,4.628102791552033,-0.2873774644836519,-0.026586744984854874,0.1630544233832829,ok
uk_abmi_registered,69,1972 Q3,1.0659236549955153,4.836030370136369,-0.31726524706845854,-0.03718240241426783,0.1928273902075839,ok
uk_abmi_registered,70,1972 Q4,6.16216653900068,3.8783123561073136,-0.2560786753525344,0.09137086553051059,0.456315041198608,ok
uk_abmi_registered,71,1973 Q1,19.163880999642657,4.375824082264613,-0.23613202451953028,0.04222550918186946,0.35505776830370955,ok
uk_abmi_registered,72,1973 Q2,0.7572925320488366,4.600387769407043,-0.2304020377083887,-0.06155018239211465,0.2480930921894333,ok
uk_abmi_registered,73,1973 Q3,-3.7495627073866444,4.962090209192258,-0.23846540596179577,-0.2016638818842012,0.4490700189104158,ok
uk_abmi_registered,74,1973 Q4,-1.5666902190361043,4.39300823558081,-0.1696233726088923,-0.1963016942944279,0.4430594703811531,ok
uk_abmi_registered,75,1974 Q1,-11.246489001317883,3.052966586466407,-0.04548049276054143,-0.03387606010116101,0.18405450307221774,ok
uk_abmi_registered,76,1974 Q2,5.689657393747183,3.182903231195485,-0.07038187393549125,-0.06475583388729435,0.254471676002054,ok
uk_abmi_registered,77,1974 Q3,2.363684671856703,3.1928433251407546,-0.060016445887533826,-0.053507179756239656,0.23131619000026707,ok
uk_abmi_registered,78,1974 Q4,-5.883680844795691,3.1015112859903704,-0.06723641688665953,-0.06983022706413775,0.26425409564307184,ok
uk_abmi_registered,79,1975 Q1,0.07749204762035333,2.9382902585074984,-0.04093281310336908,-0.06685358865295184,0.2585606092446253,ok
uk_abmi_registered,80,1975 Q2,-6.532307008809823,2.3962854393000845,-0.014308864628988748,0.013436109335147396,0.12328924723616236,ok
uk_abmi_registered,81,1975 Q3,-1.2100115122784416,2.2488474364790996,0.0148187785353383,0.023437084896968188,0.1606803387208778,ok
uk_abmi_registered,82,1975 Q4,4.426219614502003,2.3702938336883594,0.007885448573306041,0.005323085354515199,0.07700865635704929,ok
uk_abmi_registered,83,1976 Q1,6.6372081422358065,2.5272070951089343,0.015289813711936977,-0.009318774161603973,0.09653379802744723,ok
uk_abmi_registered,84,1976 Q2,-0.5490418583612211,2.605009232529796,0.00014770238270097984,-0.014830784412607061,0.12178170803781273,ok
uk_abmi_registered,85,1976 Q3,4.926617074252704,2.560151370325767,0.00338836543601327,-0.003571885949735135,0.059765257045671066,ok
uk_abmi_registered,86,1976 Q4,8.319310620966291,2.6325826730100412,0.00798456909627834,-0.008203633628830172,0.09057391251806544,ok
uk_abmi_registered,87,1977 Q1,0.25451400406595326,2.625220702405541,-0.0010118596331299037,-0.010684016276470696,0.10336351520952979,ok
uk_abmi_registered,88,1977 Q2,-2.75616035778512,2.5369426158880897,0.008872360346943886,-0.03456153501239008,0.1859073290981022,ok
uk_abmi_registered,89,1977 Q3,2.583525251394292,2.1879302497919078,0.01267213222182005,-0.02524871688519282,0.15889844834104838,ok
uk_abmi_registered,90,1977 Q4,6.733788055248624,2.3580704346591306,0.0607848087655018,-0.04615800864467687,0.21484414966360352,ok
uk_abmi_registered,91,1978 Q1,3.732544566342,2.305428168249577,0.0924026867772449,-0.11818065962592819,0.3437741404264262,ok
uk_abmi_registered,92,1978 Q2,4.5563013142214,2.389656049827052,0.10561917704853381,-0.11547629743832183,0.3398180357755042,ok
uk_abmi_registered,93,1978 Q3,5.405583887255716,2.485925547251103,0.10813310821651935,-0.09998627995459973,0.31620607197617145,ok
uk_abmi_registered,94,1978 Q4,3.5444009624818307,2.4783763097423916,0.11231455755169209,-0.09786169135462024,0.3128285334726042,ok
uk_abmi_registered,95,1979 Q1,-1.2032913521828448,2.4356720424367406,0.11031937911514021,-0.10926739116542962,0.3305561845820308,ok
uk_abmi_registered,96,1979 Q2,17.04581685050286,2.928455361526692,0.05687547417982962,-0.08928478531429791,0.2988055978630553,ok
uk_abmi_registered,97,1979 Q3,-8.916842029756111,3.0314824560942357,-0.09287111908872143,-0.03929418336639891,0.19822760495551298,ok
uk_abmi_registered,98,1979 Q4,4.068840112190486,2.797050025406675,-0.07560375640811218,-0.022821588543970588,0.15106815860389172,ok
uk_abmi_registered,99,1980 Q1,-3.957245846171986,2.445346953669767,-0.08708519532846173,0.03793550823902419,0.24312081804504615,ok
uk_abmi_registered,100,1980 Q2,-7.880746865266985,2.0566155378952358,-0.0404439646304291,0.023512463787606425,0.17488740300246214,ok
uk_abmi_registered,101,1980 Q3,-0.43717003552075084,1.9998925791956668,-0.017211905605305323,0.040973289547922,0.21120741373411656,ok
uk_abmi_registered,102,1980 Q4,-4.108196946339859,1.6013054701164082,0.006457832615110234,0.07461768780029349,0.2764103829205278,ok
uk_abmi_registered,103,1981 Q1,-0.3397583158076145,1.3984702478221671,-0.0050272079466637375,0.09194576171665843,0.30574961753635377,ok
uk_abmi_registered,104,1981 Q2,1.2750892922760215,1.4143210900471446,-0.0036508812492411238,0.09268486496370676,0.30627280421507896,ok
uk_abmi_registered,105,1981 Q3,4.62590956729656,1.5316796873463512,-0.004341582344889005,0.09252133420041286,0.3063517349127242,ok
uk_abmi_registered,106,1981 Q4,0.5279641414830394,1.267533490584309,-0.001803797640233515,0.09297785527147079,0.3058259363982528,ok
uk_abmi_registered,107,1982 Q1,0.6446550795878636,1.2472173580037313,0.0005679891876395813,0.09072312006905589,0.30148691742489925,ok
uk_abmi_registered,108,1982 Q2,4.1104987732381915,1.2564128702819117,2.217529000169173e-06,0.06323469619615339,0.2514662081269817,ok
uk_abmi_registered,109,1982 Q3,0.8565254600753747,0.8542411054336116,-0.06333253857289496,0.06775378508199063,0.29388094792307995,ok
uk_abmi_registered,110,1982 Q4,2.723138538741665,0.8895383141314752,-0.07552502855469023,0.06783871337827767,0.30094443018880046,ok
uk_abmi_registered,111,1983 Q1,7.779069217217938,1.121658015433191,-0.05591305952360713,0.17190666098670612,0.443514261663195,ok
uk_abmi_registered,112,1983 Q2,2.7596201797017272,1.246687847234178,-0.05997773536371066,0.17392190556305245,0.4481051645992229,ok
uk_abmi_registered,113,1983 Q3,4.595310599878388,1.7152281355476018,-0.09266268397364061,0.12960189254845825,0.40930308441143104,ok
uk_abmi_registered,114,1983 Q4,2.992555613293746,1.5590603489808519,-0.04210255281130738,0.14505858626669707,0.4024981829405007,ok
uk_abmi_registered,115,1984 Q1,3.395283908222524,1.4625981967664612,-0.049616973139607785,0.18664414089730008,0.457543511617678,ok
uk_abmi_registered,116,1984 Q2,-4.010110994479987,1.4846972899854287,-0.05283415574691978,0.21481293103827984,0.49064847819193497,ok
uk_abmi_registered,117,1984 Q3,2.9149788978962476,1.59383338056279,-0.07533278859242619,0.21586644207415587,0.5038049995773394,ok
uk_abmi_registered,118,1984 Q4,7.195843109590783,2.161252546261913,-0.09019601636437848,0.11104960892743684,0.3813768199878658,ok
uk_abmi_registered,119,1985 Q1,3.8902367261073323,2.4013408824583333,-0.12039757287986892,0.10263179279885593,0.38616762956408457,ok
uk_abmi_registered,120,1985 Q2,8.3963697337893,2.270787445195927,-0.08984214956858969,0.1679232371933077,0.45716025311780056,ok
uk_abmi_registered,121,1985 Q3,-0.07319611150577998,2.110602912665237,-0.11561677862385027,0.18214519455213163,0.4884904117216964,ok
uk_abmi_registered,122,1985 Q4,0.26294737658432155,2.0793034481196697,-0.0941570446704725,0.1676861401306743,0.4592708650539525,ok
uk_abmi_registered,123,1986 Q1,4.149460867704846,2.1262430309476126,-0.09528008310745957,0.15294592211960065,0.4416140199823079,ok
uk_abmi_registered,124,1986 Q2,3.547760108985898,1.9928150496882697,-0.110978129431671,0.16966526168921292,0.47111425402977863,ok
uk_abmi_registered,125,1986 Q3,2.5388135023433733,1.994716116965551,-0.09669384898748666,0.17735849355205352,0.4722524784324211,ok
uk_abmi_registered,126,1986 Q4,7.662283001219805,2.1888424490606195,-0.10257420534400116,0.23420239698390183,0.537941768615306,ok
uk_abmi_registered,127,1987 Q1,2.8201871015184565,2.191879605625663,-0.09669637221805925,0.23546279103401735,0.535995946417688,ok
uk_abmi_registered,128,1987 Q2,5.8912844798349795,1.9646634800375242,-0.09006942617670775,0.28610640947389027,0.5818163585055948,ok
uk_abmi_registered,129,1987 Q3,9.82059181573689,2.044533820744012,-0.06510142880946262,0.2923711201651046,0.5742431263631812,ok
uk_abmi_registered,130,1987 Q4,4.585280456376495,2.0235033727142078,-0.05334645827567449,0.29566449112018217,0.5710774468592117,ok
uk_abmi_registered,131,1988 Q1,6.469353150176715,1.9749237981042016,-0.05401348572728244,0.30754914677367623,0.5822350841195421,ok
uk_abmi_registered,132,1988 Q2,2.1326765471179954,1.9640269921009237,-0.059878082876727516,0.30389947248936067,0.5820222042785366,ok
uk_abmi_registered,133,1988 Q3,4.9688863034866415,2.044751281262031,-0.053652341813237046,0.3246858980860141,0.5972694560205072,ok
uk_abmi_registered,134,1988 Q4,3.208524380163169,1.5454899985434531,0.012609399369318567,0.3142730287981245,0.5669407474342115,ok
uk_abmi_registered,135,1989 Q1,1.9910018038956423,1.351664048584605,0.24985472658220098,0.26564804395155067,0.6552620595447185,ok
uk_abmi_registered,136,1989 Q2,2.489752743696272,1.3293535011787436,0.2640079381227787,0.25220630589808063,0.6512643601428205,ok
uk_abmi_registered,137,1989 Q3,0.6594887806322447,1.552675223057937,0.31425356867791227,0.141915446650268,0.5652986513349175,ok
uk_abmi_registered,138,1989 Q4,-0.06886678399808943,1.9298845453129652,0.1634307639554759,0.22250508175399417,0.5604454577049287,ok
uk_abmi_registered,139,1990 Q1,2.0608633027293877,1.9558327214466253,0.1577962589332686,0.22101862774518805,0.5555988139412025,ok
uk_abmi_registered,140,1990 Q2,2.66753455930413,2.5117738946472805,0.1445219419306005,0.08862619602863048,0.37860692565293513,ok
uk_abmi_registered,141,1990 Q3,-4.386299789842951,2.4957936254476225,0.10090360947742409,0.09457936434153551,0.3621002427950075,ok
uk_abmi_registered,142,1990 Q4,-2.0325166087445723,2.1905073759033695,0.19308860209298256,0.0714569306808121,0.380758538454415,ok
uk_abmi_registered,143,1991 Q1,-1.9798007285089625,1.623213014238337,0.23602217859444186,0.1642151092566679,0.5400794800276623,ok
uk_abmi_registered,144,1991 Q2,-0.48363718127859556,1.573502657465018,0.26435434299975424,0.16347703968113247,0.5575568188113587,ok
uk_abmi_registered,145,1991 Q3,-0.7823324029700984,1.4866364132203203,0.2594688956873877,0.19809946761754293,0.5933404169325862,ok
uk_abmi_registered,146,1991 Q4,0.5135112298795264,1.3237833082436428,0.27373499520655925,0.2135352161099788,0.6188093281286684,ok
uk_abmi_registered,147,1992 Q1,-0.04285672198420798,1.3012336979395962,0.2881585260224158,0.2113962631917169,0.6259040208034676,ok
uk_abmi_registered,148,1992 Q2,-0.60691530378989,1.1911376957516848,0.3013730967640484,0.21664026823494195,0.6399172752361642,ok
uk_abmi_registered,149,1992 Q3,1.9119840281604183,1.0467068727478503,0.28249153979502567,0.24299878784362738,0.6540314515985218,ok
uk_abmi_registered,150,1992 Q4,3.0650920303081364,1.1188498591476321,0.3047094704776649,0.2224254480881433,0.6479729486227214,ok
uk_abmi_registered,151,1993 Q1,2.0634622418320703,1.107918311437802,0.30864649504144753,0.20864615320135105,0.6364661909790862,ok
uk_abmi_registered,152,1993 Q2,1.762198493283762,1.0941786290935478,0.31044853596366223,0.20699599896322637,0.6359430759493597,ok
uk_abmi_registered,153,1993 Q3,3.6354909339564756,1.1359559321319415,0.308503615211599,0.204000151528769,0.6315292653580231,ok
uk_abmi_registered,154,1993 Q4,2.715171239482572,1.264791281877649,0.3260696983838042,0.2090402294442536,0.648442504153461,ok
uk_abmi_registered,155,1994 Q1,3.9919680464890916,1.1523227171429276,0.3822921004045398,0.18355288146507692,0.660283230537623,ok
uk_abmi_registered,156,1994 Q2,3.627251458202352,0.8336694997657952,0.311165710243847,0.3276440723292012,0.748752390024965,ok
uk_abmi_registered,157,1994 Q3,4.012369204750144,0.8430315764887581,0.3153036886094116,0.3290819728769678,0.7525771143089669,ok
uk_abmi_registered,158,1994 Q4,1.7154793489005726,0.848671977039273,0.32228682178093954,0.26018953094123265,0.6960796031738555,ok
uk_abmi_registered,159,1995 Q1,2.1039854456795126,0.7731559255691534,0.44157319919067783,0.22639775261856662,0.7453287572713823,ok
uk_abmi_registered,160,1995 Q2,0.8629071340131134,0.7585723828762034,0.3674205340452659,0.3221350624219299,0.7802708462025324,ok
uk_abmi_registered,161,1995 Q3,4.474224694334339,0.686784565758876,0.3612226738366569,0.35240917912147457,0.8011188986328498,ok
uk_abmi_registered,162,1995 Q4,1.3092980829206624,0.6217565456443208,0.3211533937170828,0.39154717647622717,0.8065891209265519,ok
uk_abmi_registered,163,1996 Q1,2.8155614487495484,0.6300763442908126,0.3221643125355935,0.3967268106126482,0.81121619758584,ok
uk_abmi_registered,164,1996 Q2,1.2629849821024663,0.5196667003529747,0.3287099750026013,0.3740771909667458,0.7976714588513663,ok
uk_abmi_registered,165,1996 Q3,3.5590303490266706,0.5580136922030587,0.35558941540404726,0.3637873588774305,0.8066017663172069,ok
uk_abmi_registered,166,1996 Q4,5.35464098536238,0.6417884802717317,0.4138331617746299,0.2846404838163172,0.7791533808769817,ok
uk_abmi_registered,167,1997 Q1,6.364966699763386,0.6335884404984069,0.326748606102805,0.3329399455194792,0.7630668146079591,ok
uk_abmi_registered,168,1997 Q2,4.428860333045748,0.5774429001146211,0.3779903604340876,0.32421429773114124,0.7889397408861227,ok
uk_abmi_registered,169,1997 Q3,3.577696185779189,0.6292643316888007,0.3933650821638616,0.2616560800503386,0.7447154798883351,ok
uk_abmi_registered,170,1997 Q4,5.837137934707215,0.5809351765998101,0.4567443889685782,0.28698228671138676,0.8107261640980943,ok
uk_abmi_registered,171,1998 Q1,2.8440515577017322,0.6004912301062983,0.45961881934718435,0.23418034686705372,0.7655264167226299,ok
uk_abmi_registered,172,1998 Q2,2.2984370660054765,0.6055455851981908,0.4755093523705318,0.20608951801931705,0.7502161909034716,ok
uk_abmi_registered,173,1998 Q3,0.6328658799347409,0.5728934654268572,0.4726506212996662,0.21876095628528114,0.7603583332152257,ok
uk_abmi_registered,174,1998 Q4,2.5919983907336075,0.6074706528509584,0.4590241343763151,0.22723911166044194,0.758581911958603,ok
uk_abmi_registered,175,1999 Q1,2.728497781816941,0.6665653066633519,0.47461722874107487,0.21277090670813614,0.7560438890170574,ok
uk_abmi_registered,176,1999 Q2,1.4554143038466805,0.6993620790783368,0.4496363861548664,0.2286842553827487,0.7532379838890102,ok
uk_abmi_registered,177,1999 Q3,6.6390237883105385,0.7582998684020859,0.4236415757909372,0.2706414397593803,0.7735230986829866,ok
uk_abmi_registered,178,1999 Q4,6.3854744219973725,0.7137024048623051,0.4976424924989341,0.23156677114796972,0.7905580677164112,ok
uk_abmi_registered,179,2000 Q1,5.299290172040827,0.8865634401207005,0.5189271093261939,0.21182600288111456,0.7878075137271943,ok
uk_abmi_registered,180,2000 Q2,2.871727188282591,1.0495304433572081,0.4230893974118725,0.23606256649040064,0.7414633019281538,ok
uk_abmi_registered,181,2000 Q3,2.428149999403928,1.187408274708547,0.4337112874339713,0.17075697285117994,0.6835282731512478,ok
uk_abmi_registered,182,2000 Q4,2.3677413076612197,1.2388744536272478,0.4245317584544281,0.1619524911243722,0.6672486202278749,ok
uk_abmi_registered,183,2001 Q1,3.3112414837333404,1.4614590638031322,0.40885947337368855,0.11828179719418962,0.6045213692362418,ok
uk_abmi_registered,184,2001 Q2,1.6393448996247173,1.5024170363323006,0.3850875417761672,0.12036322178756192,0.5893262371027146,ok
uk_abmi_registered,185,2001 Q3,1.8809544091247687,1.6957749815661693,0.3814385764251572,0.06743755860057592,0.5129170620982597,ok
uk_abmi_registered,186,2001 Q4,1.074993426916393,1.9008714001366027,0.3357976407464911,0.05276096077333688,0.4524176680021228,ok
uk_abmi_registered,187,2002 Q1,1.212713613595895,1.7495133498136861,0.3649255682564479,0.06127491235606723,0.48998120625589114,ok
uk_abmi_registered,188,2002 Q2,2.1023183601641904,1.6407953477026669,0.36465769107863943,0.08994671132597089,0.533313915366616,ok
uk_abmi_registered,189,2002 Q3,2.339435813762236,1.6698330012033806,0.37019711111709064,0.08089491439201771,0.5244455603513939,ok
uk_abmi_registered,190,2002 Q4,2.6312103175854418,1.708656173154768,0.35939708785524765,0.08624912736365657,0.5239959358047113,ok
uk_abmi_registered,191,2003 Q1,3.3625299233328576,1.6481729857739276,0.37100805733619224,0.08917470067439193,0.5370526673036138,ok
uk_abmi_registered,192,2003 Q2,3.695493025765728,1.6833464645153033,0.3804749525233657,0.07687314001360797,0.5264865467258588,ok
uk_abmi_registered,193,2003 Q3,4.150313116639381,1.6661620123202985,0.39288099990569353,0.06831847640571007,0.5234073888383033,ok
uk_abmi_registered,194,2003 Q4,3.1216281820761083,1.6680975158441647,0.385794060269931,0.06936538341028878,0.5193547573297412,ok
uk_abmi_registered,195,2004 Q1,1.266919446445769,1.6703038401003365,0.3936062249742411,0.03902643012732407,0.47565413940282386,ok
uk_abmi_registered,196,2004 Q2,1.9176744596848039,1.6339454183604933,0.4175011927920461,0.038685362836120826,0.49556442857957755,ok
uk_abmi_registered,197,2004 Q3,1.4275687839393925,1.5559193756658123,0.413262698308902,0.06319799375302433,0.5320457130144579,ok
uk_abmi_registered,198,2004 Q4,1.821285604926004,1.640227149541038,0.41270966524505603,0.04642249088640462,0.5046915682637765,ok
uk_abmi_registered,199,2005 Q1,3.074100818130887,1.4738053035747367,0.46260926842046335,0.03626725663143696,0.5309195377757353,ok
uk_abmi_registered,200,2005 Q2,3.3147062653604564,1.581196502298716,0.5450916606290358,-0.05798127401412658,0.40021710980878555,ok
uk_abmi_registered,201,2005 Q3,3.665444842370391,1.5620341020641577,0.5759718849197748,-0.08583879647023537,0.2929825873157573,ok
uk_abmi_registered,202,2005 Q4,4.162431642141229,1.690894945632248,0.5998401846343757,-0.12999520730779082,0.36054848121686883,ok
uk_abmi_registered,203,2006 Q1,1.4376150946411315,1.6044330570716527,0.6148177502167882,-0.1493545509109532,0.38646416510583903,ok
uk_abmi_registered,204,2006 Q2,1.0596468617038113,1.470032404131536,0.6023824172490077,-0.11568700196865582,0.34012792000754044,ok
uk_abmi_registered,205,2006 Q3,0.6283078928923658,1.4062363383484382,0.5535129146604153,-0.07693174934092732,0.2773657320955985,ok
uk_abmi_registered,206,2006 Q4,1.4200473545088244,1.3683276477447004,0.5620412572463233,-0.07366927063693769,0.3538445469111749,ok
uk_abmi_registered,207,2007 Q1,4.366582354045789,1.6167929143345812,0.5560719244449551,-0.13708500061703008,0.37024991643082117,ok
uk_abmi_registered,208,2007 Q2,3.7437316111343932,1.6994386226973321,0.5521461528994023,-0.19182295237008762,0.43797597236616487,ok
uk_abmi_registered,209,2007 Q3,3.751807494721504,1.5765039681764652,0.6227120912168702,-0.19505308779022518,0.44164814931144586,ok
uk_abmi_registered,210,2007 Q4,3.366714918509217,1.576877188273253,0.6267048118800067,-0.1982948616602489,0.44530311211606066,ok
uk_abmi_registered,211,2008 Q1,1.4931787823179832,1.6560498312955128,0.608011219203633,-0.20494792749512136,0.4527117487928951,ok
uk_abmi_registered,212,2008 Q2,-2.152742561585086,1.3844329456957372,0.7596298655254767,-0.30728748236305437,0.5543351715010102,ok
uk_abmi_registered,213,2008 Q3,-6.621306054442044,0.6575866312559975,1.1015816191491448,-0.4233856272536531,0.6506808951042385,ok
uk_abmi_registered,214,2008 Q4,-8.554822243880267,0.24840049254432683,1.2368468218420652,-0.40840318356816124,0.6390643031559197,ok
uk_abmi_registered,215,2009 Q1,-8.174580776194063,0.06613247067227568,1.3005792550480846,-0.4577227367516086,0.6765520946324892,ok
uk_abmi_registered,216,2009 Q2,-1.1585457153529433,0.7622737142351494,1.4931068958434306,-0.8532158821684804,0.9236968562079664,ok
uk_abmi_registered,217,2009 Q3,0.49599468845613615,0.39641818273120366,1.2278862701006301,-0.5016578278278403,0.7082780723895384,ok
uk_abmi_registered,218,2009 Q4,1.3312611297010335,0.3920164404273567,1.2250484621402489,-0.4864520742011518,0.6974611632206855,ok
uk_abmi_registered,219,2010 Q1,3.3448695596845823,0.42176200750654935,1.2511692190535202,-0.5241186848700483,0.7239604166458607,ok
uk_abmi_registered,220,2010 Q2,4.543150090128023,0.42702085242716925,1.2625942752297892,-0.535338768938801,0.7316684829475717,ok
uk_abmi_registered,221,2010 Q3,2.344662621251814,0.37056625828996537,1.2369212035424177,-0.5288217355667073,0.7272013033312765,ok
uk_abmi_registered,222,2010 Q4,0.20219087673041258,0.3910697625164665,1.260538753349462,-0.5496907265098975,0.7414113072444319,ok
uk_abmi_registered,223,2011 Q1,0.6553569647287816,0.39887430371667276,1.253082376840618,-0.5468672609599274,0.7395047403228241,ok
uk_abmi_registered,224,2011 Q2,-0.19197617605399842,0.3786212207356606,1.2523760620592763,-0.5414213266018156,0.7358133775637785,ok
uk_abmi_registered,225,2011 Q3,0.6947709664373747,0.39367301665268517,1.2481624649646306,-0.5405258683556327,0.73520464386158,ok
uk_abmi_registered,226,2011 Q4,0.3310902744594557,0.3408753598493873,1.242401059196479,-0.5309352665550011,0.7286530495064171,ok
uk_abmi_registered,227,2012 Q1,3.756580552588673,0.43893558606753047,1.2302847715878744,-0.5269066629142208,0.7258833672940996,ok
uk_abmi_registered,228,2012 Q2,-0.21211867978720989,0.3136086120970599,1.1068550615833086,-0.4155402287745384,0.6446240988161538,ok
uk_abmi_registered,229,2012 Q3,4.123758601141958,0.41595470485248165,0.9728093738005371,-0.27692992777937797,0.5262413208589554,ok
uk_abmi_registered,230,2012 Q4,-0.5779139077255024,0.28370308143363565,0.8424822288670006,-0.16103425042106473,0.5493419577879162,ok
uk_abmi_registered,231,2013 Q1,1.0597917706292037,0.3025798266994244,0.792938429209147,-0.11771815444593743,0.5951390001363195,ok
uk_abmi_registered,232,2013 Q2,2.6516531484745087,0.3462562228602659,0.8032577927431741,-0.13150195049952568,0.5742667250799363,ok
uk_abmi_registered,233,2013 Q3,3.052722849240297,0.38123716443665057,0.8090800691266394,-0.1266395793136522,0.5969278206902975,ok
uk_abmi_registered,234,2013 Q4,2.629095166106765,0.36286490029935137,0.8163938816822198,-0.13666307984534368,0.5812913158701585,ok
uk_abmi_registered,235,2014 Q1,3.1915367228641855,0.39307684188315917,0.8183370771741137,-0.13192788461477484,0.5975591125409918,ok
uk_abmi_registered,236,2014 Q2,3.745796785657518,0.40203906243876375,0.8250141684366955,-0.13334558266022015,0.6043833773608381,ok
uk_abmi_registered,237,2014 Q3,3.2429490673237638,0.37168886418295766,0.8228744913488051,-0.13180173028104408,0.6050318655559854,ok
uk_abmi_registered,238,2014 Q4,2.6309296912494062,0.35904247425038593,0.8176938225601822,-0.12852619899873716,0.6053910484720549,ok
uk_abmi_registered,239,2015 Q1,1.2127795381552176,0.3229367059112218,0.8134976652863234,-0.13521948211194312,0.5806025951696934,ok
uk_abmi_registered,240,2015 Q2,1.822044875483897,0.31973604147259316,0.8011960431406793,-0.13052907919936615,0.5736578253570773,ok
uk_abmi_registered,241,2015 Q3,1.5479649635729231,0.34643223038779347,0.8139425591459034,-0.1274555064890949,0.6023430173144959,ok
uk_abmi_registered,242,2015 Q4,2.3898844789371765,0.36949022859458913,0.8143445982182176,-0.12623844577831056,0.606046217417888,ok
uk_abmi_registered,243,2016 Q1,2.008557088817753,0.3778267201353096,0.8129616135184359,-0.12495446860608266,0.6071600973139287,ok
uk_abmi_registered,244,2016 Q2,2.9314856469945028,0.38700820599599295,0.8143824873626583,-0.12151600709032906,0.6176400541802685,ok
uk_abmi_registered,245,2016 Q3,1.7620419976822177,0.29321761488474396,0.7990758544705452,-0.10806030708885657,0.6266287641499342,ok
uk_abmi_registered,246,2016 Q4,2.4683477480941463,0.3142273776485105,0.7928295541127206,-0.09838148724630824,0.6388259736260229,ok
uk_abmi_registered,247,2017 Q1,3.797800755254599,0.33893516062030493,0.800618803969671,-0.10918963879227485,0.6262695279477624,ok
uk_abmi_registered,248,2017 Q2,3.398018120910251,0.3371732242935628,0.8016381151368439,-0.11210184821495948,0.6211689354787091,ok
uk_abmi_registered,249,2017 Q3,2.6979052081891552,0.3576627494697968,0.8041936611665788,-0.10479683837297009,0.6406026434939109,ok
uk_abmi_registered,250,2017 Q4,2.990955889906388,0.44636410032898965,0.7774502121935358,-0.05768005149600408,0.6943836682440426,ok
uk_abmi_registered,251,2018 Q1,0.31392448260092465,0.589821020542246,0.640132987651201,0.038636362435345704,0.695671236747144,ok
uk_abmi_registered,252,2018 Q2,0.8693060593842006,0.9082192979305572,0.41908417275802956,0.13816255031096622,0.6362392111350139,ok
uk_abmi_registered,253,2018 Q3,1.2662513963498156,1.4741977070604757,0.1397647117125383,0.15433119479916296,0.46889957159913054,ok
uk_abmi_registered,254,2018 Q4,0.5186711744407546,1.4678491940032257,0.1291122298665101,0.15317429395138796,0.46121943051293357,ok
uk_abmi_registered,255,2019 Q1,2.0102846219934634,1.3596131442531658,0.1292306434234714,0.20709289998657365,0.52425435376459,ok
uk_abmi_registered,256,2019 Q2,0.8520408436282878,1.2855302803070578,0.12791006788371143,0.23233199716846747,0.5501877390687028,ok
uk_abmi_registered,257,2019 Q3,2.1964700606474707,1.158319721844793,0.13310808908494423,0.2715139704281988,0.5918572058437918,ok
uk_abmi_registered,258,2019 Q4,0.02386040470980788,1.054775444748786,0.061899259281643616,0.33768308705624067,0.6128782907593001,ok
