data_kind,k,vintage,release_month,numeric,empty,marker,other
ons_realtime_abmi_e4_registered,0,Sep-61 [1954 prices],1961-09,26,260,0,0
ons_realtime_abmi_e4_registered,1,Oct-61,1961-10,26,260,0,0
ons_realtime_abmi_e4_registered,2,Nov-61,1961-11,26,260,0,0
ons_realtime_abmi_e4_registered,3,Dec-61,1961-12,27,259,0,0
ons_realtime_abmi_e4_registered,4,Jan-62,1962-01,27,259,0,0
ons_realtime_abmi_e4_registered,5,Feb-62,1962-02,27,259,0,0
ons_realtime_abmi_e4_registered,6,Sep-62 [1958 prices],1962-03,28,258,0,0
ons_realtime_abmi_e4_registered,7,Apr-62,1962-04,28,258,0,0
ons_realtime_abmi_e4_registered,8,May-62,1962-05,28,258,0,0
ons_realtime_abmi_e4_registered,9,Jun-62,1962-06,29,257,0,0
ons_realtime_abmi_e4_registered,10,Jul-62,1962-07,29,257,0,0
ons_realtime_abmi_e4_registered,11,Aug-62,1962-08,29,257,0,0
ons_realtime_abmi_e4_registered,12,Sep-62,1962-09,30,256,0,0
ons_realtime_abmi_e4_registered,13,Oct-62,1962-10,30,256,0,0
ons_realtime_abmi_e4_registered,14,Nov-62,1962-11,30,256,0,0
ons_realtime_abmi_e4_registered,15,Dec-62,1962-12,31,255,0,0
ons_realtime_abmi_e4_registered,16,Jan-63,1963-01,31,255,0,0
ons_realtime_abmi_e4_registered,17,Feb-63,1963-02,31,255,0,0
ons_realtime_abmi_e4_registered,18,Mar-63,1963-03,32,254,0,0
ons_realtime_abmi_e4_registered,19,Apr-63,1963-04,32,254,0,0
ons_realtime_abmi_e4_registered,20,May-63,1963-05,32,254,0,0
ons_realtime_abmi_e4_registered,21,Jun-63,1963-06,33,253,0,0
ons_realtime_abmi_e4_registered,22,Jul-63,1963-07,33,253,0,0
ons_realtime_abmi_e4_registered,23,Aug-63,1963-08,33,253,0,0
ons_realtime_abmi_e4_registered,24,Sep-63,1963-09,34,252,0,0
ons_realtime_abmi_e4_registered,25,Oct-63,1963-10,34,252,0,0
ons_realtime_abmi_e4_registered,26,Nov-63,1963-11,34,252,0,0
ons_realtime_abmi_e4_registered,27,Dec-63,1963-12,34,252,0,0
ons_realtime_abmi_e4_registered,28,Jan-64,1964-01,34,252,0,0
ons_realtime_abmi_e4_registered,29,Feb-64,1964-02,34,252,0,0
ons_realtime_abmi_e4_registered,30,Mar-64,1964-03,36,250,0,0
ons_realtime_abmi_e4_registered,31,Apr-64,1964-04,36,250,0,0
ons_realtime_abmi_e4_registered,32,May-64,1964-05,36,250,0,0
ons_realtime_abmi_e4_registered,33,Jun-64,1964-06,37,249,0,0
ons_realtime_abmi_e4_registered,34,Jul-64,1964-07,37,249,0,0
ons_realtime_abmi_e4_registered,35,Aug-64,1964-08,37,249,0,0
ons_realtime_abmi_e4_registered,36,Sep-64,1964-09,38,248,0,0
ons_realtime_abmi_e4_registered,37,Oct-64,1964-10,38,248,0,0
ons_realtime_abmi_e4_registered,38,Nov-64,1964-11,38,248,0,0
ons_realtime_abmi_e4_registered,39,Dec-64,1964-12,39,247,0,0
ons_realtime_abmi_e4_registered,40,Jan-65,1965-01,39,247,0,0
ons_realtime_abmi_e4_registered,41,Feb-65,1965-02,39,247,0,0
ons_realtime_abmi_e4_registered,42,Mar-65,1965-03,40,246,0,0
ons_realtime_abmi_e4_registered,43,Apr-65,1965-04,40,246,0,0
ons_realtime_abmi_e4_registered,44,May-65,1965-05,40,246,0,0
ons_realtime_abmi_e4_registered,45,Jun-65,1965-06,41,245,0,0
ons_realtime_abmi_e4_registered,46,Jul-65,1965-07,41,245,0,0
ons_realtime_abmi_e4_registered,47,Aug-65,1965-08,41,245,0,0
ons_realtime_abmi_e4_registered,48,Sep-65,1965-09,42,244,0,0
ons_realtime_abmi_e4_registered,49,Oct-65,1965-10,42,244,0,0
ons_realtime_abmi_e4_registered,50,Nov-65,1965-11,42,244,0,0
ons_realtime_abmi_e4_registered,51,Dec-65,1965-12,43,243,0,0
ons_realtime_abmi_e4_registered,52,Jan-66,1966-01,43,243,0,0
ons_realtime_abmi_e4_registered,53,Feb-66,1966-02,43,243,0,0
ons_realtime_abmi_e4_registered,54,Mar-66,1966-03,44,242,0,0
ons_realtime_abmi_e4_registered,55,Apr-66,1966-04,44,242,0,0
ons_realtime_abmi_e4_registered,56,May-66,1966-05,44,242,0,0
ons_realtime_abmi_e4_registered,57,Jun-66,1966-06,45,241,0,0
ons_realtime_abmi_e4_registered,58,Jul-66,1966-07,45,241,0,0
ons_realtime_abmi_e4_registered,59,Aug-66,1966-08,45,241,0,0
ons_realtime_abmi_e4_registered,60,Sep-66,1966-09,46,240,0,0
ons_realtime_abmi_e4_registered,61,Oct-66,1966-10,46,240,0,0
ons_realtime_abmi_e4_registered,62,Nov-66,1966-11,46,240,0,0
ons_realtime_abmi_e4_registered,63,Dec-66,1966-12,47,239,0,0
ons_realtime_abmi_e4_registered,64,Jan-67,1967-01,47,239,0,0
ons_realtime_abmi_e4_registered,65,Feb-67,1967-02,47,239,0,0
ons_realtime_abmi_e4_registered,66,Mar-67,1967-03,48,238,0,0
ons_realtime_abmi_e4_registered,67,Apr-67,1967-04,48,238,0,0
ons_realtime_abmi_e4_registered,68,May-67,1967-05,48,238,0,0
ons_realtime_abmi_e4_registered,69,Jun-67,1967-06,49,237,0,0
ons_realtime_abmi_e4_registered,70,Jul-67,1967-07,49,237,0,0
ons_realtime_abmi_e4_registered,71,Aug-67,1967-08,49,237,0,0
ons_realtime_abmi_e4_registered,72,Sep-67,1967-09,50,236,0,0
ons_realtime_abmi_e4_registered,73,Oct-67,1967-10,50,236,0,0
ons_realtime_abmi_e4_registered,74,Nov-67,1967-11,50,236,0,0
ons_realtime_abmi_e4_registered,75,Dec-67,1967-12,51,235,0,0
ons_realtime_abmi_e4_registered,76,Jan-68,1968-01,51,235,0,0
ons_realtime_abmi_e4_registered,77,Feb-68,1968-02,51,235,0,0
ons_realtime_abmi_e4_registered,78,Mar-68,1968-03,52,234,0,0
ons_realtime_abmi_e4_registered,79,Apr-68,1968-04,52,234,0,0
ons_realtime_abmi_e4_registered,80,May-68,1968-05,52,234,0,0
ons_realtime_abmi_e4_registered,81,Jun-68,1968-06,53,233,0,0
ons_realtime_abmi_e4_registered,82,Jul-68,1968-07,53,233,0,0
ons_realtime_abmi_e4_registered,83,Aug-68,1968-08,53,233,0,0
ons_realtime_abmi_e4_registered,84,Sep-68,1968-09,54,232,0,0
ons_realtime_abmi_e4_registered,85,Oct-68,1968-10,54,232,0,0
ons_realtime_abmi_e4_registered,86,Nov-68,1968-11,54,232,0,0
ons_realtime_abmi_e4_registered,87,Dec-68,1968-12,55,231,0,0
ons_realtime_abmi_e4_registered,88,Jan-69,1969-01,55,231,0,0
ons_realtime_abmi_e4_registered,89,Feb-69,1969-02,55,231,0,0
ons_realtime_abmi_e4_registered,90,Mar-62 [1963 prices],1969-03,44,242,0,0
ons_realtime_abmi_e4_registered,91,Apr-69,1969-04,44,242,0,0
ons_realtime_abmi_e4_registered,92,May-69,1969-05,44,242,0,0
ons_realtime_abmi_e4_registered,93,Jun-69,1969-06,45,241,0,0
ons_realtime_abmi_e4_registered,94,Jul-69,1969-07,45,241,0,0
ons_realtime_abmi_e4_registered,95,Aug-69,1969-08,45,241,0,0
ons_realtime_abmi_e4_registered,96,Sep-69,1969-09,46,240,0,0
ons_realtime_abmi_e4_registered,97,Oct-69,1969-10,46,240,0,0
ons_realtime_abmi_e4_registered,98,Nov-69,1969-11,46,240,0,0
ons_realtime_abmi_e4_registered,99,Dec-69,1969-12,47,239,0,0
ons_realtime_abmi_e4_registered,100,Jan-70,1970-01,47,239,0,0
ons_realtime_abmi_e4_registered,101,Feb-70,1970-02,47,239,0,0
ons_realtime_abmi_e4_registered,102,Mar-70,1970-03,48,238,0,0
ons_realtime_abmi_e4_registered,103,Apr-70,1970-04,48,238,0,0
ons_realtime_abmi_e4_registered,104,May-70,1970-05,48,238,0,0
ons_realtime_abmi_e4_registered,105,Jun-70,1970-06,49,237,0,0
ons_realtime_abmi_e4_registered,106,Jul-70,1970-07,49,237,0,0
ons_realtime_abmi_e4_registered,107,Aug-70,1970-08,49,237,0,0
ons_realtime_abmi_e4_registered,108,Sep-70,1970-09,50,236,0,0
ons_realtime_abmi_e4_registered,109,Oct-70,1970-10,50,236,0,0
ons_realtime_abmi_e4_registered,110,Nov-70,1970-11,50,236,0,0
ons_realtime_abmi_e4_registered,111,Dec-70,1970-12,51,235,0,0
ons_realtime_abmi_e4_registered,112,Jan-71,1971-01,51,235,0,0
ons_realtime_abmi_e4_registered,113,Feb-71,1971-02,51,235,0,0
ons_realtime_abmi_e4_registered,114,Mar-71,1971-03,52,234,0,0
ons_realtime_abmi_e4_registered,115,Apr-71,1971-04,52,234,0,0
ons_realtime_abmi_e4_registered,116,May-71,1971-05,52,234,0,0
ons_realtime_abmi_e4_registered,117,Jun-71,1971-06,53,233,0,0
ons_realtime_abmi_e4_registered,118,Jul-71,1971-07,53,233,0,0
ons_realtime_abmi_e4_registered,119,Aug-71,1971-08,53,233,0,0
ons_realtime_abmi_e4_registered,120,Sep-71,1971-09,54,232,0,0
ons_realtime_abmi_e4_registered,121,Oct-71,1971-10,54,232,0,0
ons_realtime_abmi_e4_registered,122,Nov-71,1971-11,54,232,0,0
ons_realtime_abmi_e4_registered,123,Dec-71,1971-12,55,231,0,0
ons_realtime_abmi_e4_registered,124,Jan-72,1972-01,55,231,0,0
ons_realtime_abmi_e4_registered,125,Feb-72,1972-02,55,231,0,0
ons_realtime_abmi_e4_registered,126,Mar-72,1972-03,56,230,0,0
ons_realtime_abmi_e4_registered,127,Apr-72,1972-04,56,230,0,0
ons_realtime_abmi_e4_registered,128,May-72,1972-05,56,230,0,0
ons_realtime_abmi_e4_registered,129,Jun-72,1972-06,57,229,0,0
ons_realtime_abmi_e4_registered,130,Jul-72,1972-07,57,229,0,0
ons_realtime_abmi_e4_registered,131,Aug-72,1972-08,57,229,0,0
ons_realtime_abmi_e4_registered,132,Sep-72,1972-09,58,228,0,0
ons_realtime_abmi_e4_registered,133,Oct-72,1972-10,58,228,0,0
ons_realtime_abmi_e4_registered,134,Nov-72,1972-11,58,228,0,0
ons_realtime_abmi_e4_registered,135,Dec-72,1972-12,59,227,0,0
ons_realtime_abmi_e4_registered,136,Jan-73,1973-01,59,227,0,0
ons_realtime_abmi_e4_registered,137,Feb-73,1973-02,59,227,0,0
ons_realtime_abmi_e4_registered,138,Mar-73,1973-03,60,226,0,0
ons_realtime_abmi_e4_registered,139,Apr-73,1973-04,60,226,0,0
ons_realtime_abmi_e4_registered,140,May-73,1973-05,60,226,0,0
ons_realtime_abmi_e4_registered,141,Jun-73,1973-06,61,225,0,0
ons_realtime_abmi_e4_registered,142,Jul-73,1973-07,61,225,0,0
ons_realtime_abmi_e4_registered,143,Aug-73,1973-08,61,225,0,0
ons_realtime_abmi_e4_registered,144,Sep-73 [1970 prices],1973-09,74,212,0,0
ons_realtime_abmi_e4_registered,145,Oct-73,1973-10,74,212,0,0
ons_realtime_abmi_e4_registered,146,Nov-73,1973-11,74,212,0,0
ons_realtime_abmi_e4_registered,147,Dec-73,1973-12,75,211,0,0
ons_realtime_abmi_e4_registered,148,Jan-74,1974-01,75,211,0,0
ons_realtime_abmi_e4_registered,149,Feb-74,1974-02,75,211,0,0
ons_realtime_abmi_e4_registered,150,Mar-74,1974-03,76,210,0,0
ons_realtime_abmi_e4_registered,151,Apr-74,1974-04,76,210,0,0
ons_realtime_abmi_e4_registered,152,May-74,1974-05,76,210,0,0
ons_realtime_abmi_e4_registered,153,Jun-74,1974-06,77,209,0,0
ons_realtime_abmi_e4_registered,154,Jul-74,1974-07,77,209,0,0
ons_realtime_abmi_e4_registered,155,Aug-74,1974-08,77,209,0,0
ons_realtime_abmi_e4_registered,156,Sep-74,1974-09,78,208,0,0
ons_realtime_abmi_e4_registered,157,Oct-74,1974-10,78,208,0,0
ons_realtime_abmi_e4_registered,158,Nov-74,1974-11,78,208,0,0
ons_realtime_abmi_e4_registered,159,Dec-74,1974-12,79,207,0,0
ons_realtime_abmi_e4_registered,160,Jan-75,1975-01,79,207,0,0
ons_realtime_abmi_e4_registered,161,Feb-75,1975-02,79,207,0,0
ons_realtime_abmi_e4_registered,162,Mar-75,1975-03,80,206,0,0
ons_realtime_abmi_e4_registered,163,Apr-75,1975-04,80,206,0,0
ons_realtime_abmi_e4_registered,164,May-75,1975-05,80,206,0,0
ons_realtime_abmi_e4_registered,165,Jun-75,1975-06,81,205,0,0
ons_realtime_abmi_e4_registered,166,Jul-75,1975-07,81,205,0,0
ons_realtime_abmi_e4_registered,167,Aug-75,1975-08,81,205,0,0
ons_realtime_abmi_e4_registered,168,Sep-75,1975-09,82,204,0,0
ons_realtime_abmi_e4_registered,169,Oct-75,1975-10,82,204,0,0
ons_realtime_abmi_e4_registered,170,Nov-75,1975-11,82,204,0,0
ons_realtime_abmi_e4_registered,171,Dec-75,1975-12,83,203,0,0
ons_realtime_abmi_e4_registered,172,Jan-76,1976-01,83,203,0,0
ons_realtime_abmi_e4_registered,173,Feb-76,1976-02,83,203,0,0
ons_realtime_abmi_e4_registered,174,Mar-76,1976-03,84,202,0,0
ons_realtime_abmi_e4_registered,175,Apr-76,1976-04,84,202,0,0
ons_realtime_abmi_e4_registered,176,May-76,1976-05,84,202,0,0
ons_realtime_abmi_e4_registered,177,Jun-76,1976-06,85,201,0,0
ons_realtime_abmi_e4_registered,178,Jul-76,1976-07,85,201,0,0
ons_realtime_abmi_e4_registered,179,Aug-76,1976-08,85,201,0,0
ons_realtime_abmi_e4_registered,180,Sep-76,1976-09,86,200,0,0
ons_realtime_abmi_e4_registered,181,Oct-76,1976-10,86,200,0,0
ons_realtime_abmi_e4_registered,182,Nov-76,1976-11,86,200,0,0
ons_realtime_abmi_e4_registered,183,Dec-76,1976-12,87,199,0,0
ons_realtime_abmi_e4_registered,184,Jan-77,1977-01,87,199,0,0
ons_realtime_abmi_e4_registered,185,Feb-77,1977-02,87,199,0,0
ons_realtime_abmi_e4_registered,186,Mar-77,1977-03,88,198,0,0
ons_realtime_abmi_e4_registered,187,Apr-77,1977-04,88,198,0,0
ons_realtime_abmi_e4_registered,188,May-77,1977-05,88,198,0,0
ons_realtime_abmi_e4_registered,189,Jun-77,1977-06,89,197,0,0
ons_realtime_abmi_e4_registered,190,Jul-77,1977-07,89,197,0,0
ons_realtime_abmi_e4_registered,191,Aug-77,1977-08,89,197,0,0
ons_realtime_abmi_e4_registered,192,Sep-77,1977-09,90,196,0,0
ons_realtime_abmi_e4_registered,193,Oct-77,1977-10,90,196,0,0
ons_realtime_abmi_e4_registered,194,Nov-77,1977-11,90,196,0,0
ons_realtime_abmi_e4_registered,195,Dec-77,1977-12,91,195,0,0
ons_realtime_abmi_e4_registered,196,Jan-78,1978-01,91,195,0,0
ons_realtime_abmi_e4_registered,197,Feb-772,1978-02,91,195,0,0
ons_realtime_abmi_e4_registered,198,Mar-78,1978-03,92,194,0,0
ons_realtime_abmi_e4_registered,199,Apr-78,1978-04,92,194,0,0
ons_realtime_abmi_e4_registered,200,May-78,1978-05,92,194,0,0
ons_realtime_abmi_e4_registered,201,Jun-78,1978-06,93,193,0,0
ons_realtime_abmi_e4_registered,202,Jul-78,1978-07,93,193,0,0
ons_realtime_abmi_e4_registered,203,Aug-78,1978-08,93,193,0,0
ons_realtime_abmi_e4_registered,204,Sep-78 [1975 prices],1978-09,94,192,0,0
ons_realtime_abmi_e4_registered,205,Oct-78,1978-10,94,192,0,0
ons_realtime_abmi_e4_registered,206,Nov-78,1978-11,94,192,0,0
ons_realtime_abmi_e4_registered,207,Dec-78,1978-12,95,191,0,0
ons_realtime_abmi_e4_registered,208,Jan-79,1979-01,95,191,0,0
ons_realtime_abmi_e4_registered,209,Feb-79,1979-02,95,191,0,0
ons_realtime_abmi_e4_registered,210,Mar-79,1979-03,96,190,0,0
ons_realtime_abmi_e4_registered,211,Apr-79,1979-04,96,190,0,0
ons_realtime_abmi_e4_registered,212,May-79,1979-05,96,190,0,0
ons_realtime_abmi_e4_registered,213,Jun-79,1979-06,97,189,0,0
ons_realtime_abmi_e4_registered,214,Jul-79,1979-07,97,189,0,0
ons_realtime_abmi_e4_registered,215,Aug-79,1979-08,97,189,0,0
ons_realtime_abmi_e4_registered,216,Sep-79,1979-09,98,188,0,0
ons_realtime_abmi_e4_registered,217,Oct-79,1979-10,98,188,0,0
ons_realtime_abmi_e4_registered,218,Nov-79,1979-11,98,188,0,0
ons_realtime_abmi_e4_registered,219,Dec-79,1979-12,99,187,0,0
ons_realtime_abmi_e4_registered,220,Jan-80,1980-01,99,187,0,0
ons_realtime_abmi_e4_registered,221,Feb-80,1980-02,100,186,0,0
ons_realtime_abmi_e4_registered,222,Mar-80,1980-03,100,186,0,0
ons_realtime_abmi_e4_registered,223,Apr-80,1980-04,100,186,0,0
ons_realtime_abmi_e4_registered,224,May-80,1980-05,100,186,0,0
ons_realtime_abmi_e4_registered,225,Jun-80,1980-06,101,185,0,0
ons_realtime_abmi_e4_registered,226,Jul-80,1980-07,101,185,0,0
ons_realtime_abmi_e4_registered,227,Aug-80,1980-08,101,185,0,0
ons_realtime_abmi_e4_registered,228,Sep-80,1980-09,102,184,0,0
ons_realtime_abmi_e4_registered,229,Oct-80,1980-10,102,184,0,0
ons_realtime_abmi_e4_registered,230,Nov-80,1980-11,102,184,0,0
ons_realtime_abmi_e4_registered,231,Dec-80,1980-12,103,183,0,0
ons_realtime_abmi_e4_registered,232,Jan-81,1981-01,103,183,0,0
ons_realtime_abmi_e4_registered,233,Feb-81,1981-02,103,183,0,0
ons_realtime_abmi_e4_registered,234,Mar-81,1981-03,104,182,0,0
ons_realtime_abmi_e4_registered,235,Apr-81,1981-04,104,182,0,0
ons_realtime_abmi_e4_registered,236,May-81,1981-05,104,182,0,0
ons_realtime_abmi_e4_registered,237,Jun-81,1981-06,105,181,0,0
ons_realtime_abmi_e4_registered,238,Jul-81,1981-07,105,181,0,0
ons_realtime_abmi_e4_registered,239,Aug-81,1981-08,105,181,0,0
ons_realtime_abmi_e4_registered,240,Sep-81,1981-09,106,180,0,0
ons_realtime_abmi_e4_registered,241,Oct-81,1981-10,106,180,0,0
ons_realtime_abmi_e4_registered,242,Nov-81,1981-11,106,180,0,0
ons_realtime_abmi_e4_registered,243,Dec-81,1981-12,107,179,0,0
ons_realtime_abmi_e4_registered,244,Jan-82,1982-01,107,179,0,0
ons_realtime_abmi_e4_registered,245,Feb-82,1982-02,107,179,0,0
ons_realtime_abmi_e4_registered,246,Mar-82,1982-03,108,178,0,0
ons_realtime_abmi_e4_registered,247,Apr-82,1982-04,108,178,0,0
ons_realtime_abmi_e4_registered,248,May-82,1982-05,108,178,0,0
ons_realtime_abmi_e4_registered,249,Jun-82,1982-06,109,177,0,0
ons_realtime_abmi_e4_registered,250,Jul-82,1982-07,109,177,0,0
ons_realtime_abmi_e4_registered,251,Aug-82,1982-08,109,177,0,0
ons_realtime_abmi_e4_registered,252,Sep-82,1982-09,110,176,0,0
ons_realtime_abmi_e4_registered,253,Oct-82,1982-10,110,176,0,0
ons_realtime_abmi_e4_registered,254,Nov-82,1982-11,110,176,0,0
ons_realtime_abmi_e4_registered,255,Dec-82 [1975 prices],1982-12,111,175,0,0
ons_realtime_abmi_e4_registered,256,Jan-83,1983-01,111,175,0,0
ons_realtime_abmi_e4_registered,257,Feb-83,1983-02,111,175,0,0
ons_realtime_abmi_e4_registered,258,Mar-83,1983-03,112,174,0,0
ons_realtime_abmi_e4_registered,259,Apr-83,1983-04,112,174,0,0
ons_realtime_abmi_e4_registered,260,May-83,1983-05,112,174,0,0
ons_realtime_abmi_e4_registered,261,Jun-83,1983-06,113,173,0,0
ons_realtime_abmi_e4_registered,262,Jul-83,1983-07,113,173,0,0
ons_realtime_abmi_e4_registered,263,Aug-83 [1980 prices],1983-08,114,172,0,0
ons_realtime_abmi_e4_registered,264,Sep-83,1983-09,114,172,0,0
ons_realtime_abmi_e4_registered,265,Oct-83,1983-10,114,172,0,0
ons_realtime_abmi_e4_registered,266,Nov-83,1983-11,115,171,0,0
ons_realtime_abmi_e4_registered,267,Dec-83,1983-12,115,171,0,0
ons_realtime_abmi_e4_registered,268,Jan-84,1984-01,115,171,0,0
ons_realtime_abmi_e4_registered,269,Feb-84,1984-02,116,170,0,0
ons_realtime_abmi_e4_registered,270,Mar-84,1984-03,116,170,0,0
ons_realtime_abmi_e4_registered,271,Apr-84,1984-04,116,170,0,0
ons_realtime_abmi_e4_registered,272,May-84,1984-05,117,169,0,0
ons_realtime_abmi_e4_registered,273,Jun-84,1984-06,117,169,0,0
ons_realtime_abmi_e4_registered,274,Jul-84,1984-07,117,169,0,0
ons_realtime_abmi_e4_registered,275,Aug-84,1984-08,118,168,0,0
ons_realtime_abmi_e4_registered,276,Sep-84,1984-09,118,168,0,0
ons_realtime_abmi_e4_registered,277,Oct-84,1984-10,118,168,0,0
ons_realtime_abmi_e4_registered,278,Nov-84,1984-11,119,167,0,0
ons_realtime_abmi_e4_registered,279,Dec-84,1984-12,119,167,0,0
ons_realtime_abmi_e4_registered,280,Jan-85,1985-01,119,167,0,0
ons_realtime_abmi_e4_registered,281,Feb-85,1985-02,120,166,0,0
ons_realtime_abmi_e4_registered,282,Mar-85,1985-03,120,166,0,0
ons_realtime_abmi_e4_registered,283,Apr-85,1985-04,120,166,0,0
ons_realtime_abmi_e4_registered,284,May-85,1985-05,121,165,0,0
ons_realtime_abmi_e4_registered,285,Jun-85,1985-06,121,165,0,0
ons_realtime_abmi_e4_registered,286,Jul-85,1985-07,121,165,0,0
ons_realtime_abmi_e4_registered,287,Aug-85,1985-08,122,164,0,0
ons_realtime_abmi_e4_registered,288,Sep-85,1985-09,122,164,0,0
ons_realtime_abmi_e4_registered,289,Oct-85,1985-10,122,164,0,0
ons_realtime_abmi_e4_registered,290,Nov-85,1985-11,123,163,0,0
ons_realtime_abmi_e4_registered,291,Dec-85,1985-12,123,163,0,0
ons_realtime_abmi_e4_registered,292,Jan-86,1986-01,123,163,0,0
ons_realtime_abmi_e4_registered,293,Feb-86,1986-02,124,162,0,0
ons_realtime_abmi_e4_registered,294,Mar-86,1986-03,124,162,0,0
ons_realtime_abmi_e4_registered,295,Apr-86,1986-04,124,162,0,0
ons_realtime_abmi_e4_registered,296,May-86,1986-05,125,161,0,0
ons_realtime_abmi_e4_registered,297,Jun-86,1986-06,125,161,0,0
ons_realtime_abmi_e4_registered,298,Jul-86,1986-07,125,161,0,0
ons_realtime_abmi_e4_registered,299,Aug-86,1986-08,126,160,0,0
ons_realtime_abmi_e4_registered,300,Sep-86,1986-09,126,160,0,0
ons_realtime_abmi_e4_registered,301,Oct-86,1986-10,126,160,0,0
ons_realtime_abmi_e4_registered,302,Nov-86,1986-11,127,159,0,0
ons_realtime_abmi_e4_registered,303,Dec-86,1986-12,127,159,0,0
ons_realtime_abmi_e4_registered,304,Jan-87,1987-01,127,159,0,0
ons_realtime_abmi_e4_registered,305,Feb-87,1987-02,128,158,0,0
ons_realtime_abmi_e4_registered,306,Mar-87,1987-03,128,158,0,0
ons_realtime_abmi_e4_registered,307,Apr-87,1987-04,128,158,0,0
ons_realtime_abmi_e4_registered,308,May-87,1987-05,129,157,0,0
ons_realtime_abmi_e4_registered,309,Jun-87,1987-06,129,157,0,0
ons_realtime_abmi_e4_registered,310,Jul-87,1987-07,129,157,0,0
ons_realtime_abmi_e4_registered,311,Aug-87,1987-08,130,156,0,0
ons_realtime_abmi_e4_registered,312,Sep-87,1987-09,130,156,0,0
ons_realtime_abmi_e4_registered,313,Oct-87,1987-10,130,156,0,0
ons_realtime_abmi_e4_registered,314,Nov-87,1987-11,131,155,0,0
ons_realtime_abmi_e4_registered,315,Dec-87,1987-12,131,155,0,0
ons_realtime_abmi_e4_registered,316,Jan-88,1988-01,131,155,0,0
ons_realtime_abmi_e4_registered,317,Feb-88,1988-02,132,154,0,0
ons_realtime_abmi_e4_registered,318,Mar-88,1988-03,132,154,0,0
ons_realtime_abmi_e4_registered,319,Apr-88,1988-04,132,154,0,0
ons_realtime_abmi_e4_registered,320,May-88,1988-05,133,153,0,0
ons_realtime_abmi_e4_registered,321,Jun-88,1988-06,133,153,0,0
ons_realtime_abmi_e4_registered,322,Jul-88,1988-07,133,153,0,0
ons_realtime_abmi_e4_registered,323,Aug-88 [1985 prices],1988-08,134,152,0,0
ons_realtime_abmi_e4_registered,324,Sep-88,1988-09,134,152,0,0
ons_realtime_abmi_e4_registered,325,Oct-88,1988-10,134,152,0,0
ons_realtime_abmi_e4_registered,326,Nov-88,1988-11,135,151,0,0
ons_realtime_abmi_e4_registered,327,Dec-88,1988-12,135,151,0,0
ons_realtime_abmi_e4_registered,328,Jan-89,1989-01,135,151,0,0
ons_realtime_abmi_e4_registered,329,Feb-89,1989-02,136,150,0,0
ons_realtime_abmi_e4_registered,330,Mar-89,1989-03,136,150,0,0
ons_realtime_abmi_e4_registered,331,Apr-89,1989-04,136,150,0,0
ons_realtime_abmi_e4_registered,332,May-89,1989-05,137,149,0,0
ons_realtime_abmi_e4_registered,333,Jun-89,1989-06,137,149,0,0
ons_realtime_abmi_e4_registered,334,Jul-89,1989-07,137,149,0,0
ons_realtime_abmi_e4_registered,335,Aug-89,1989-08,138,148,0,0
ons_realtime_abmi_e4_registered,336,Sep-89,1989-09,138,148,0,0
ons_realtime_abmi_e4_registered,337,Oct-89,1989-10,138,148,0,0
ons_realtime_abmi_e4_registered,338,Nov-89,1989-11,139,147,0,0
ons_realtime_abmi_e4_registered,339,Dec-89,1989-12,139,147,0,0
ons_realtime_abmi_e4_registered,340,Jan-90,1990-01,139,147,0,0
ons_realtime_abmi_e4_registered,341,Feb-90,1990-02,140,146,0,0
ons_realtime_abmi_e4_registered,342,Mar-90,1990-03,140,146,0,0
ons_realtime_abmi_e4_registered,343,Apr-90,1990-04,140,146,0,0
ons_realtime_abmi_e4_registered,344,May-90,1990-05,141,145,0,0
ons_realtime_abmi_e4_registered,345,Jun-90,1990-06,141,145,0,0
ons_realtime_abmi_e4_registered,346,Jul-90,1990-07,141,145,0,0
ons_realtime_abmi_e4_registered,347,Aug-90,1990-08,142,144,0,0
ons_realtime_abmi_e4_registered,348,Sep-90,1990-09,142,144,0,0
ons_realtime_abmi_e4_registered,349,Oct-90,1990-10,142,144,0,0
ons_realtime_abmi_e4_registered,350,Nov-90,1990-11,143,143,0,0
ons_realtime_abmi_e4_registered,351,Dec-90,1990-12,143,143,0,0
ons_realtime_abmi_e4_registered,352,Jan-91,1991-01,143,143,0,0
ons_realtime_abmi_e4_registered,353,Feb-91,1991-02,144,142,0,0
ons_realtime_abmi_e4_registered,354,Mar-91,1991-03,144,142,0,0
ons_realtime_abmi_e4_registered,355,Apr-91,1991-04,144,142,0,0
ons_realtime_abmi_e4_registered,356,May-91,1991-05,145,141,0,0
ons_realtime_abmi_e4_registered,357,Jun-91,1991-06,145,141,0,0
ons_realtime_abmi_e4_registered,358,Jul-91,1991-07,145,141,0,0
ons_realtime_abmi_e4_registered,359,Aug-91,1991-08,146,140,0,0
ons_realtime_abmi_e4_registered,360,Sep-91,1991-09,146,140,0,0
ons_realtime_abmi_e4_registered,361,Oct-91,1991-10,146,140,0,0
ons_realtime_abmi_e4_registered,362,Nov-91,1991-11,147,139,0,0
ons_realtime_abmi_e4_registered,363,Dec-91,1991-12,147,139,0,0
ons_realtime_abmi_e4_registered,364,Jan-92,1992-01,147,139,0,0
ons_realtime_abmi_e4_registered,365,Feb-92,1992-02,148,138,0,0
ons_realtime_abmi_e4_registered,366,Mar-92,1992-03,148,138,0,0
ons_realtime_abmi_e4_registered,367,Apr-92,1992-04,148,138,0,0
ons_realtime_abmi_e4_registered,368,May-92,1992-05,149,137,0,0
ons_realtime_abmi_e4_registered,369,Jun-92,1992-06,149,137,0,0
ons_realtime_abmi_e4_registered,370,Jul-92,1992-07,149,137,0,0
ons_realtime_abmi_e4_registered,371,Aug-92,1992-08,150,136,0,0
ons_realtime_abmi_e4_registered,372,Sep-92,1992-09,150,136,0,0
ons_realtime_abmi_e4_registered,373,Oct-92,1992-10,150,136,0,0
ons_realtime_abmi_e4_registered,374,Nov-92,1992-11,151,135,0,0
ons_realtime_abmi_e4_registered,375,Dec-92,1992-12,151,135,0,0
ons_realtime_abmi_e4_registered,376,Jan-93,1993-01,151,135,0,0
ons_realtime_abmi_e4_registered,377,Feb-93,1993-02,152,134,0,0
ons_realtime_abmi_e4_registered,378,Mar-93,1993-03,152,134,0,0
ons_realtime_abmi_e4_registered,379,Apr-93,1993-04,152,134,0,0
ons_realtime_abmi_e4_registered,380,May-93,1993-05,153,133,0,0
ons_realtime_abmi_e4_registered,381,Jun-93,1993-06,153,133,0,0
ons_realtime_abmi_e4_registered,382,Jul-93,1993-07,153,133,0,0
ons_realtime_abmi_e4_registered,383,Aug-93 [1990 prices],1993-08,154,132,0,0
ons_realtime_abmi_e4_registered,384,Sep-93,1993-09,154,132,0,0
ons_realtime_abmi_e4_registered,385,Oct-93,1993-10,154,132,0,0
ons_realtime_abmi_e4_registered,386,Nov-93,1993-11,155,131,0,0
ons_realtime_abmi_e4_registered,387,Dec-93,1993-12,155,131,0,0
ons_realtime_abmi_e4_registered,388,Jan-94,1994-01,155,131,0,0
ons_realtime_abmi_e4_registered,389,Feb-94,1994-02,156,130,0,0
ons_realtime_abmi_e4_registered,390,Mar-94,1994-03,156,130,0,0
ons_realtime_abmi_e4_registered,391,Apr-94,1994-04,156,130,0,0
ons_realtime_abmi_e4_registered,392,May-94,1994-05,157,129,0,0
ons_realtime_abmi_e4_registered,393,Jun-94,1994-06,157,129,0,0
ons_realtime_abmi_e4_registered,394,Jul-94,1994-07,157,129,0,0
ons_realtime_abmi_e4_registered,395,Aug-94,1994-08,158,128,0,0
ons_realtime_abmi_e4_registered,396,Sep-94,1994-09,158,128,0,0
ons_realtime_abmi_e4_registered,397,Oct-94,1994-10,158,128,0,0
ons_realtime_abmi_e4_registered,398,Nov-94,1994-11,159,127,0,0
ons_realtime_abmi_e4_registered,399,Dec-94,1994-12,159,127,0,0
ons_realtime_abmi_e4_registered,400,Jan-95,1995-01,159,127,0,0
ons_realtime_abmi_e4_registered,401,Feb-95,1995-02,160,126,0,0
ons_realtime_abmi_e4_registered,402,Mar-95,1995-03,160,126,0,0
ons_realtime_abmi_e4_registered,403,Apr-95,1995-04,160,126,0,0
ons_realtime_abmi_e4_registered,404,May-95,1995-05,161,125,0,0
ons_realtime_abmi_e4_registered,405,Jun-95,1995-06,161,125,0,0
ons_realtime_abmi_e4_registered,406,Jul-95,1995-07,161,125,0,0
ons_realtime_abmi_e4_registered,407,Aug-95,1995-08,162,124,0,0
ons_realtime_abmi_e4_registered,408,Sep-95,1995-09,162,124,0,0
ons_realtime_abmi_e4_registered,409,Oct-95,1995-10,162,124,0,0
ons_realtime_abmi_e4_registered,410,Nov-95,1995-11,163,123,0,0
ons_realtime_abmi_e4_registered,411,Dec-95,1995-12,163,123,0,0
ons_realtime_abmi_e4_registered,412,Jan-96,1996-01,163,123,0,0
ons_realtime_abmi_e4_registered,413,Feb-96,1996-02,164,122,0,0
ons_realtime_abmi_e4_registered,414,Mar-96,1996-03,164,122,0,0
ons_realtime_abmi_e4_registered,415,Apr-96,1996-04,164,122,0,0
ons_realtime_abmi_e4_registered,416,May-96,1996-05,165,121,0,0
ons_realtime_abmi_e4_registered,417,Jun-96,1996-06,165,121,0,0
ons_realtime_abmi_e4_registered,418,Jul-96,1996-07,165,121,0,0
ons_realtime_abmi_e4_registered,419,Aug-96,1996-08,166,120,0,0
ons_realtime_abmi_e4_registered,420,Sep-96,1996-09,166,120,0,0
ons_realtime_abmi_e4_registered,421,Oct-96,1996-10,166,120,0,0
ons_realtime_abmi_e4_registered,422,Nov-96,1996-11,167,119,0,0
ons_realtime_abmi_e4_registered,423,Dec-96,1996-12,167,119,0,0
ons_realtime_abmi_e4_registered,424,Jan-97,1997-01,167,119,0,0
ons_realtime_abmi_e4_registered,425,Feb-97,1997-02,168,118,0,0
ons_realtime_abmi_e4_registered,426,Mar-97,1997-03,168,118,0,0
ons_realtime_abmi_e4_registered,427,Apr-97,1997-04,168,118,0,0
ons_realtime_abmi_e4_registered,428,May-97,1997-05,169,117,0,0
ons_realtime_abmi_e4_registered,429,Jun-97,1997-06,169,117,0,0
ons_realtime_abmi_e4_registered,430,Jul-97,1997-07,169,117,0,0
ons_realtime_abmi_e4_registered,431,Aug-97,1997-08,170,116,0,0
ons_realtime_abmi_e4_registered,432,Sep-97,1997-09,170,116,0,0
ons_realtime_abmi_e4_registered,433,Oct-97,1997-10,170,116,0,0
ons_realtime_abmi_e4_registered,434,Nov-97,1997-11,171,115,0,0
ons_realtime_abmi_e4_registered,435,Dec-97,1997-12,171,115,0,0
ons_realtime_abmi_e4_registered,436,Jan-98,1998-01,171,115,0,0
ons_realtime_abmi_e4_registered,437,Feb-98,1998-02,172,114,0,0
ons_realtime_abmi_e4_registered,438,Mar-98,1998-03,172,114,0,0
ons_realtime_abmi_e4_registered,439,Apr-98,1998-04,172,114,0,0
ons_realtime_abmi_e4_registered,440,May-98,1998-05,173,113,0,0
ons_realtime_abmi_e4_registered,441,Jun-98,1998-06,173,113,0,0
ons_realtime_abmi_e4_registered,442,Jul-98,1998-07,173,113,0,0
ons_realtime_abmi_e4_registered,443,Aug-98,1998-08,174,112,0,0
ons_realtime_abmi_e4_registered,444,Aug-98 [1995 prices],1998-08,174,112,0,0
ons_realtime_abmi_e4_registered,445,Oct-98,1998-10,174,112,0,0
ons_realtime_abmi_e4_registered,446,Nov-98,1998-11,175,111,0,0
ons_realtime_abmi_e4_registered,447,Dec-98,1998-12,175,111,0,0
ons_realtime_abmi_e4_registered,448,Jan-99,1999-01,175,111,0,0
ons_realtime_abmi_e4_registered,449,Feb-99,1999-02,176,110,0,0
ons_realtime_abmi_e4_registered,450,Mar-99,1999-03,176,110,0,0
ons_realtime_abmi_e4_registered,451,Apr-99,1999-04,176,110,0,0
ons_realtime_abmi_e4_registered,452,May-99,1999-05,177,109,0,0
ons_realtime_abmi_e4_registered,453,Jun-99,1999-06,177,109,0,0
ons_realtime_abmi_e4_registered,454,Jul-99,1999-07,177,109,0,0
ons_realtime_abmi_e4_registered,455,Aug-99,1999-08,178,108,0,0
ons_realtime_abmi_e4_registered,456,Sep-99,1999-09,178,108,0,0
ons_realtime_abmi_e4_registered,457,Oct-99,1999-10,178,108,0,0
ons_realtime_abmi_e4_registered,458,Nov-99,1999-11,179,107,0,0
ons_realtime_abmi_e4_registered,459,Dec-99,1999-12,179,107,0,0
ons_realtime_abmi_e4_registered,460,Jan-00,2000-01,179,107,0,0
ons_realtime_abmi_e4_registered,461,Feb-00,2000-02,180,106,0,0
ons_realtime_abmi_e4_registered,462,Mar-00,2000-03,180,106,0,0
ons_realtime_abmi_e4_registered,463,Apr-00,2000-04,180,106,0,0
ons_realtime_abmi_e4_registered,464,May-00,2000-05,181,105,0,0
ons_realtime_abmi_e4_registered,465,Jun-00,2000-06,181,105,0,0
ons_realtime_abmi_e4_registered,466,Jul-00,2000-07,181,105,0,0
ons_realtime_abmi_e4_registered,467,Aug-00,2000-08,182,104,0,0
ons_realtime_abmi_e4_registered,468,Sep-00,2000-09,182,104,0,0
ons_realtime_abmi_e4_registered,469,Oct-00,2000-10,182,104,0,0
ons_realtime_abmi_e4_registered,470,Nov-00,2000-11,183,103,0,0
ons_realtime_abmi_e4_registered,471,Dec-00,2000-12,183,103,0,0
ons_realtime_abmi_e4_registered,472,Jan-01,2001-01,183,103,0,0
ons_realtime_abmi_e4_registered,473,Feb-01,2001-02,184,102,0,0
ons_realtime_abmi_e4_registered,474,Mar-01,2001-03,184,102,0,0
ons_realtime_abmi_e4_registered,475,Apr-01,2001-04,184,102,0,0
ons_realtime_abmi_e4_registered,476,May-01,2001-05,185,101,0,0
ons_realtime_abmi_e4_registered,477,Jun-01,2001-06,185,101,0,0
ons_realtime_abmi_e4_registered,478,Jul-01,2001-07,185,101,0,0
ons_realtime_abmi_e4_registered,479,Aug-01,2001-08,186,100,0,0
ons_realtime_abmi_e4_registered,480,Sep-01,2001-09,186,100,0,0
ons_realtime_abmi_e4_registered,481,Oct-01,2001-10,186,100,0,0
ons_realtime_abmi_e4_registered,482,Nov-01,2001-11,187,99,0,0
ons_realtime_abmi_e4_registered,483,Dec-01,2001-12,187,99,0,0
ons_realtime_abmi_e4_registered,484,Jan-02,2002-01,187,99,0,0
ons_realtime_abmi_e4_registered,485,Feb-02,2002-02,188,98,0,0
ons_realtime_abmi_e4_registered,486,Mar-02,2002-03,188,98,0,0
ons_realtime_abmi_e4_registered,487,Apr-02,2002-04,189,97,0,0
ons_realtime_abmi_e4_registered,488,May-02,2002-05,189,97,0,0
ons_realtime_abmi_e4_registered,489,Jun-02,2002-06,189,97,0,0
ons_realtime_abmi_e4_registered,490,Jul-02,2002-07,190,96,0,0
ons_realtime_abmi_e4_registered,491,Aug-02,2002-08,190,96,0,0
ons_realtime_abmi_e4_registered,492,Sep-02,2002-09,190,96,0,0
ons_realtime_abmi_e4_registered,493,Oct-02,2002-10,191,95,0,0
ons_realtime_abmi_e4_registered,494,Nov-02,2002-11,191,95,0,0
ons_realtime_abmi_e4_registered,495,Dec-02,2002-12,191,95,0,0
ons_realtime_abmi_e4_registered,496,Jan-03,2003-01,192,94,0,0
ons_realtime_abmi_e4_registered,497,Feb-03,2003-02,192,94,0,0
ons_realtime_abmi_e4_registered,498,Mar-03,2003-03,192,94,0,0
ons_realtime_abmi_e4_registered,499,Apr-03,2003-04,193,93,0,0
ons_realtime_abmi_e4_registered,500,May-03,2003-05,193,93,0,0
ons_realtime_abmi_e4_registered,501,Jun-03,2003-06,193,93,0,0
ons_realtime_abmi_e4_registered,502,Jul-03,2003-07,194,92,0,0
ons_realtime_abmi_e4_registered,503,Aug-03,2003-08,194,92,0,0
ons_realtime_abmi_e4_registered,504,Sep-03 [2000 prices],2003-09,194,92,0,0
ons_realtime_abmi_e4_registered,505,Oct-03,2003-10,195,91,0,0
ons_realtime_abmi_e4_registered,506,Nov-03,2003-11,195,91,0,0
ons_realtime_abmi_e4_registered,507,Dec-03 [2000 prices] QNA,2003-12,195,91,0,0
ons_realtime_abmi_e4_registered,508,Jan-04 M1,2004-01,196,90,0,0
ons_realtime_abmi_e4_registered,509,Feb-04 M2,2004-02,196,90,0,0
ons_realtime_abmi_e4_registered,510,Mar-04 QNA,2004-03,196,90,0,0
ons_realtime_abmi_e4_registered,511,Apr-04 M1,2004-04,197,89,0,0
ons_realtime_abmi_e4_registered,512,May-04 M2,2004-05,197,89,0,0
ons_realtime_abmi_e4_registered,513,Jun-04 [2001 prices] QNA,2004-06,197,89,0,0
ons_realtime_abmi_e4_registered,514,Jul-04 M1,2004-07,198,88,0,0
ons_realtime_abmi_e4_registered,515,Aug-04 M2,2004-08,198,88,0,0
ons_realtime_abmi_e4_registered,516,Sep-04 QNA,2004-09,198,88,0,0
ons_realtime_abmi_e4_registered,517,Oct-04 M1,2004-10,199,87,0,0
ons_realtime_abmi_e4_registered,518,Nov-04 M2,2004-11,199,87,0,0
ons_realtime_abmi_e4_registered,519,Dec-04 QNA,2004-12,199,87,0,0
ons_realtime_abmi_e4_registered,520,Jan-05 M1,2005-01,200,86,0,0
ons_realtime_abmi_e4_registered,521,Feb-05 M2,2005-02,200,86,0,0
ons_realtime_abmi_e4_registered,522,Mar-05 QNA,2005-03,200,86,0,0
ons_realtime_abmi_e4_registered,523,Apr-05 M1,2005-04,201,85,0,0
ons_realtime_abmi_e4_registered,524,May-05 M2,2005-05,201,85,0,0
ons_realtime_abmi_e4_registered,525,Jun-05 [2002 prices] QNA,2005-06,201,85,0,0
ons_realtime_abmi_e4_registered,526,Jul-05 M1,2005-07,202,84,0,0
ons_realtime_abmi_e4_registered,527,Aug-05 M2,2005-08,202,84,0,0
ons_realtime_abmi_e4_registered,528,Sep-05 QNA,2005-09,202,84,0,0
ons_realtime_abmi_e4_registered,529,Oct-05 M1,2005-10,203,83,0,0
ons_realtime_abmi_e4_registered,530,Nov-05 M2,2005-11,203,83,0,0
ons_realtime_abmi_e4_registered,531,Dec-05 QNA,2005-12,203,83,0,0
ons_realtime_abmi_e4_registered,532,Jan-06 M1,2006-01,204,82,0,0
ons_realtime_abmi_e4_registered,533,Feb-06 M2,2006-02,204,82,0,0
ons_realtime_abmi_e4_registered,534,Mar-06 QNA,2006-03,204,82,0,0
ons_realtime_abmi_e4_registered,535,Apr-06 M1,2006-04,205,81,0,0
ons_realtime_abmi_e4_registered,536,May-06 M2,2006-05,205,81,0,0
ons_realtime_abmi_e4_registered,537,Jun-06 [2003 prices] QNA,2006-06,205,81,0,0
ons_realtime_abmi_e4_registered,538,Jul-06 M1,2006-07,206,80,0,0
ons_realtime_abmi_e4_registered,539,Aug-06 M2,2006-08,206,80,0,0
ons_realtime_abmi_e4_registered,540,Sep-06 QNA,2006-09,206,80,0,0
ons_realtime_abmi_e4_registered,541,Oct-06 M1,2006-10,207,79,0,0
ons_realtime_abmi_e4_registered,542,Nov-06 M2,2006-11,207,79,0,0
ons_realtime_abmi_e4_registered,543,Dec-06 QNA,2006-12,207,79,0,0
ons_realtime_abmi_e4_registered,544,Jan-07 M1,2007-01,208,78,0,0
ons_realtime_abmi_e4_registered,545,Feb-07 M2,2007-02,208,78,0,0
ons_realtime_abmi_e4_registered,546,Mar-07 QNA,2007-03,208,78,0,0
ons_realtime_abmi_e4_registered,547,Apr-07 M1,2007-04,209,77,0,0
ons_realtime_abmi_e4_registered,548,May-07 M2,2007-05,209,77,0,0
ons_realtime_abmi_e4_registered,549,Jun-07 QNA,2007-06,209,77,0,0
ons_realtime_abmi_e4_registered,550,Jul-07 M1,2007-07,210,76,0,0
ons_realtime_abmi_e4_registered,551,Aug-07 M2,2007-08,210,76,0,0
ons_realtime_abmi_e4_registered,552,Sep-07 QNA,2007-09,210,76,0,0
ons_realtime_abmi_e4_registered,553,Oct-07 M1,2007-10,211,75,0,0
ons_realtime_abmi_e4_registered,554,Nov-07 M2,2007-11,211,75,0,0
ons_realtime_abmi_e4_registered,555,Dec-07 QNA,2007-12,211,75,0,0
ons_realtime_abmi_e4_registered,556,Jan-08 M1,2008-01,212,74,0,0
ons_realtime_abmi_e4_registered,557,Feb-08 M2,2008-02,212,74,0,0
ons_realtime_abmi_e4_registered,558,Mar-08 QNA,2008-03,212,74,0,0
ons_realtime_abmi_e4_registered,559,Apr-08 M1,2008-04,213,73,0,0
ons_realtime_abmi_e4_registered,560,May-08 M2,2008-05,213,73,0,0
ons_realtime_abmi_e4_registered,561,Jun-08 QNA,2008-06,213,73,0,0
ons_realtime_abmi_e4_registered,562,Jul-08 M1,2008-07,214,72,0,0
ons_realtime_abmi_e4_registered,563,Aug-08 M2,2008-08,214,72,0,0
ons_realtime_abmi_e4_registered,564,Sep-08 QNA,2008-09,214,72,0,0
ons_realtime_abmi_e4_registered,565,Oct-08 M1,2008-10,215,71,0,0
ons_realtime_abmi_e4_registered,566,Nov-08 M2,2008-11,215,71,0,0
ons_realtime_abmi_e4_registered,567,Dec-08 QNA,2008-12,215,71,0,0
ons_realtime_abmi_e4_registered,568,Jan-09 M1,2009-01,216,70,0,0
ons_realtime_abmi_e4_registered,569,Feb-09 M2,2009-02,216,70,0,0
ons_realtime_abmi_e4_registered,570,Mar-09 QNA,2009-03,216,70,0,0
ons_realtime_abmi_e4_registered,571,Apr-09 M1,2009-04,217,69,0,0
ons_realtime_abmi_e4_registered,572,May-09 M2,2009-05,217,69,0,0
ons_realtime_abmi_e4_registered,573,Jun-09 [2005 prices] QNA,2009-06,217,69,0,0
ons_realtime_abmi_e4_registered,574,Jul-09 M1,2009-07,218,68,0,0
ons_realtime_abmi_e4_registered,575,Aug-09 M2,2009-08,218,68,0,0
ons_realtime_abmi_e4_registered,576,Sep-09 QNA,2009-09,218,68,0,0
ons_realtime_abmi_e4_registered,577,Oct-09 M1,2009-10,219,67,0,0
ons_realtime_abmi_e4_registered,578,Nov-09 M2,2009-11,219,67,0,0
ons_realtime_abmi_e4_registered,579,Dec-09 QNA,2009-12,219,67,0,0
ons_realtime_abmi_e4_registered,580,Jan-10 M1,2010-01,220,66,0,0
ons_realtime_abmi_e4_registered,581,Feb-10 M2,2010-02,220,66,0,0
ons_realtime_abmi_e4_registered,582,Mar-10 QNA,2010-03,220,66,0,0
ons_realtime_abmi_e4_registered,583,Apr-10 M1,2010-04,221,65,0,0
ons_realtime_abmi_e4_registered,584,May-10 M2,2010-05,221,65,0,0
ons_realtime_abmi_e4_registered,585,Jun-10 QNA,2010-06,221,65,0,0
ons_realtime_abmi_e4_registered,586,Jul-10 [2006 prices] M1,2010-07,222,64,0,0
ons_realtime_abmi_e4_registered,587,Aug-10 M2,2010-08,222,64,0,0
ons_realtime_abmi_e4_registered,588,Sep-10 QNA,2010-09,222,64,0,0
ons_realtime_abmi_e4_registered,589,Oct-10 M1,2010-10,223,63,0,0
ons_realtime_abmi_e4_registered,590,Nov-10 M2,2010-11,223,63,0,0
ons_realtime_abmi_e4_registered,591,Dec-10 QNA,2010-12,223,63,0,0
ons_realtime_abmi_e4_registered,592,Jan-11 M1,2011-01,224,62,0,0
ons_realtime_abmi_e4_registered,593,Feb-11 M2,2011-02,224,62,0,0
ons_realtime_abmi_e4_registered,594,Mar-11 QNA,2011-03,224,62,0,0
ons_realtime_abmi_e4_registered,595,Apr-11 M1,2011-04,225,61,0,0
ons_realtime_abmi_e4_registered,596,May-11 M2,2011-05,225,61,0,0
ons_realtime_abmi_e4_registered,597,Jun-11 QNA,2011-06,225,61,0,0
ons_realtime_abmi_e4_registered,598,Jul-11 M1,2011-07,226,60,0,0
ons_realtime_abmi_e4_registered,599,Aug-11 M2,2011-08,226,60,0,0
ons_realtime_abmi_e4_registered,600,Sep-11 [2008 prices] QNA,2011-09,226,60,0,0
ons_realtime_abmi_e4_registered,601,Oct-11 M1,2011-10,227,59,0,0
ons_realtime_abmi_e4_registered,602,Nov-11 M2,2011-11,227,59,0,0
ons_realtime_abmi_e4_registered,603,Dec-11 QNA,2011-12,227,59,0,0
ons_realtime_abmi_e4_registered,604,Jan-12 M1,2012-01,228,58,0,0
ons_realtime_abmi_e4_registered,605,Feb-12 M2,2012-02,228,58,0,0
ons_realtime_abmi_e4_registered,606,Mar-12 QNA,2012-03,228,58,0,0
ons_realtime_abmi_e4_registered,607,Apr-12 M1,2012-04,229,57,0,0
ons_realtime_abmi_e4_registered,608,May-12 M2,2012-05,229,57,0,0
ons_realtime_abmi_e4_registered,609,Jun-12 [2009 prices] QNA,2012-06,229,57,0,0
ons_realtime_abmi_e4_registered,610,Jul-12 M1,2012-07,230,56,0,0
ons_realtime_abmi_e4_registered,611,Aug-12 M2,2012-08,230,56,0,0
ons_realtime_abmi_e4_registered,612,Sep-12 QNA,2012-09,230,56,0,0
ons_realtime_abmi_e4_registered,613,Oct-12 M1,2012-10,231,55,0,0
ons_realtime_abmi_e4_registered,614,Nov-12 M2,2012-11,231,55,0,0
ons_realtime_abmi_e4_registered,615,Dec-12 QNA,2012-12,231,55,0,0
ons_realtime_abmi_e4_registered,616,Jan-13 M1,2013-01,232,54,0,0
ons_realtime_abmi_e4_registered,617,Feb-13 M2,2013-02,232,54,0,0
ons_realtime_abmi_e4_registered,618,Mar-13 QNA,2013-03,232,54,0,0
ons_realtime_abmi_e4_registered,619,Apr-13 M1,2013-04,233,53,0,0
ons_realtime_abmi_e4_registered,620,May-13 M2,2013-05,233,53,0,0
ons_realtime_abmi_e4_registered,621,Jun-13 [2010 prices] QNA,2013-06,233,53,0,0
ons_realtime_abmi_e4_registered,622,Jul-13 M1,2013-07,234,52,0,0
ons_realtime_abmi_e4_registered,623,Aug-13 M2,2013-08,234,52,0,0
ons_realtime_abmi_e4_registered,624,Sep-13 QNA,2013-09,234,52,0,0
ons_realtime_abmi_e4_registered,625,Oct-13 M1,2013-10,235,51,0,0
ons_realtime_abmi_e4_registered,626,Nov-13 M2,2013-11,235,51,0,0
ons_realtime_abmi_e4_registered,627,Dec-13 QNA,2013-12,235,51,0,0
ons_realtime_abmi_e4_registered,628,Jan-14 M1,2014-01,236,50,0,0
ons_realtime_abmi_e4_registered,629,Feb-14 M2,2014-02,236,50,0,0
ons_realtime_abmi_e4_registered,630,Mar-14 QNA,2014-03,236,50,0,0
ons_realtime_abmi_e4_registered,631,Apr-14 M1,2014-04,237,49,0,0
ons_realtime_abmi_e4_registered,632,May-14 M2,2014-05,237,49,0,0
ons_realtime_abmi_e4_registered,633,Jun-14 QNA,2014-06,237,49,0,0
ons_realtime_abmi_e4_registered,634,Jul-14 M1,2014-07,238,48,0,0
ons_realtime_abmi_e4_registered,635,Aug-14 M2,2014-08,238,48,0,0
ons_realtime_abmi_e4_registered,636,Sep-14 [2011 prices] QNA,2014-09,238,48,0,0
ons_realtime_abmi_e4_registered,637,Oct-14 M1,2014-10,239,47,0,0
ons_realtime_abmi_e4_registered,638,Nov-14 M2,2014-11,239,47,0,0
ons_realtime_abmi_e4_registered,639,Dec-14 QNA,2014-12,239,47,0,0
ons_realtime_abmi_e4_registered,640,Jan-15 M1,2015-01,240,46,0,0
ons_realtime_abmi_e4_registered,641,Feb-15 M2,2015-02,240,46,0,0
ons_realtime_abmi_e4_registered,642,Mar-15 QNA,2015-03,240,46,0,0
ons_realtime_abmi_e4_registered,643,Apr-15 M1,2015-04,241,45,0,0
ons_realtime_abmi_e4_registered,644,May-15 M2,2015-05,241,45,0,0
ons_realtime_abmi_e4_registered,645,Jun-15 QNA,2015-06,241,45,0,0
ons_realtime_abmi_e4_registered,646,Jul-15 M1,2015-07,242,44,0,0
ons_realtime_abmi_e4_registered,647,Aug-15 M2,2015-08,242,44,0,0
ons_realtime_abmi_e4_registered,648,Sep-15 [2012 prices] QNA,2015-09,242,44,0,0
ons_realtime_abmi_e4_registered,649,Oct-15 M1,2015-10,243,43,0,0
ons_realtime_abmi_e4_registered,650,Nov-15 M2,2015-11,243,43,0,0
ons_realtime_abmi_e4_registered,651,Dec-15 QNA,2015-12,243,43,0,0
ons_realtime_abmi_e4_registered,652,Jan-16 M1,2016-01,244,42,0,0
ons_realtime_abmi_e4_registered,653,Feb-16 M2,2016-02,244,42,0,0
ons_realtime_abmi_e4_registered,654,Mar-16 QNA,2016-03,244,42,0,0
ons_realtime_abmi_e4_registered,655,Apr-16 M1,2016-04,245,41,0,0
ons_realtime_abmi_e4_registered,656,May-16 M2,2016-05,245,41,0,0
ons_realtime_abmi_e4_registered,657,Jun-16 [2013 prices] QNA,2016-06,245,41,0,0
ons_realtime_abmi_e4_registered,658,Jul-16 M1,2016-07,246,40,0,0
ons_realtime_abmi_e4_registered,659,Aug-16 M2,2016-08,246,40,0,0
ons_realtime_abmi_e4_registered,660,Sep-16 QNA,2016-09,246,40,0,0
ons_realtime_abmi_e4_registered,661,Oct-16 M1,2016-10,247,39,0,0
ons_realtime_abmi_e4_registered,662,Nov-16 M2,2016-11,247,39,0,0
ons_realtime_abmi_e4_registered,663,Dec-16 QNA,2016-12,247,39,0,0
ons_realtime_abmi_e4_registered,664,Jan-17 M1,2017-01,248,38,0,0
ons_realtime_abmi_e4_registered,665,Feb-17 M2,2017-02,248,38,0,0
ons_realtime_abmi_e4_registered,666,Mar-17 QNA,2017-03,248,38,0,0
ons_realtime_abmi_e4_registered,667,Apr-17 M1,2017-04,249,37,0,0
ons_realtime_abmi_e4_registered,668,May-17 M2,2017-05,249,37,0,0
ons_realtime_abmi_e4_registered,669,Jun-17 QNA,2017-06,249,37,0,0
ons_realtime_abmi_e4_registered,670,Jul-17 M1,2017-07,250,36,0,0
ons_realtime_abmi_e4_registered,671,Aug-17 M2,2017-08,250,36,0,0
ons_realtime_abmi_e4_registered,672,Sep-17 [2015 prices] QNA,2017-09,250,36,0,0
ons_realtime_abmi_e4_registered,673,Oct-17 M1,2017-10,251,35,0,0
ons_realtime_abmi_e4_registered,674,Nov-17 M2,2017-11,251,35,0,0
ons_realtime_abmi_e4_registered,675,Dec-17 QNA,2017-12,251,35,0,0
ons_realtime_abmi_e4_registered,676,Jan-18 M1,2018-01,252,34,0,0
ons_realtime_abmi_e4_registered,677,Feb-18 M2,2018-02,252,34,0,0
ons_realtime_abmi_e4_registered,678,Mar-18 QNA,2018-03,252,34,0,0
ons_realtime_abmi_e4_registered,679,Apr-18 M1,2018-04,253,33,0,0
ons_realtime_abmi_e4_registered,680,May-18 M2,2018-05,253,33,0,0
ons_realtime_abmi_e4_registered,681,Jun-18 [2016 prices] QNA,2018-06,253,33,0,0
ons_realtime_abmi_e4_registered,682,Aug-18 1st,2018-08,254,32,0,0
ons_realtime_abmi_e4_registered,683,Sep-18 QNA,2018-09,254,32,0,0
ons_realtime_abmi_e4_registered,684,Nov-18 1st,2018-11,255,31,0,0
ons_realtime_abmi_e4_registered,685,Dec-18 QNA,2018-12,255,31,0,0
ons_realtime_abmi_e4_registered,686,Feb-19 1st,2019-02,256,30,0,0
ons_realtime_abmi_e4_registered,687,Mar-19 QNA,2019-03,256,30,0,0
ons_realtime_abmi_e4_registered,688,May-19 1st,2019-05,257,29,0,0
ons_realtime_abmi_e4_registered,689,Jun-19 QNA,2019-06,257,29,0,0
ons_realtime_abmi_e4_registered,690,Aug-19 1st,2019-08,258,28,0,0
ons_realtime_abmi_e4_registered,691,Sep-19 QNA,2019-09,258,28,0,0
ons_realtime_abmi_e4_registered,692,Nov-19 1st,2019-11,259,27,0,0
ons_realtime_abmi_e4_registered,693,Dec-19 QNA,2019-12,259,27,0,0
ons_realtime_abmi_e4_registered,694,Feb-20 1st,2020-02,260,26,0,0
ons_realtime_abmi_e4_registered,695,Mar-20 QNA,2020-03,260,26,0,0
ons_realtime_abmi_e4_registered,696,May-20 1st,2020-05,261,25,0,0
ons_realtime_abmi_e4_registered,697,Jun-20 QNA,2020-06,261,25,0,0
ons_realtime_abmi_e4_registered,698,Aug-20 1st,2020-08,262,24,0,0
ons_realtime_abmi_e4_registered,699,Sep-20 [2018 prices] QNA,2020-09,262,24,0,0
ons_realtime_abmi_e4_registered,700,Nov-20 1st,2020-11,263,23,0,0
ons_realtime_abmi_e4_registered,701,Dec-20 QNA,2020-12,263,23,0,0
ons_realtime_abmi_e4_registered,702,Feb-21 1st,2021-02,264,22,0,0
ons_realtime_abmi_e4_registered,703,Mar-21 QNA,2021-03,264,22,0,0
ons_realtime_abmi_e4_registered,704,May-21 1st,2021-05,265,21,0,0
ons_realtime_abmi_e4_registered,705,Jun-21 QNA,2021-06,265,21,0,0
ons_realtime_abmi_e4_registered,706,Aug-21 1st,2021-08,266,20,0,0
ons_realtime_abmi_e4_registered,707,Sep-21 [2019 prices] QNA,2021-09,266,20,0,0
ons_realtime_abmi_e4_registered,708,Nov-21 1st,2021-11,267,19,0,0
ons_realtime_abmi_e4_registered,709,Dec-21 QNA,2021-12,267,19,0,0
ons_realtime_abmi_e4_registered,710,Feb-22 1st,2022-02,268,18,0,0
ons_realtime_abmi_e4_registered,711,Mar-22 QNA,2022-03,268,18,0,0
ons_realtime_abmi_e4_registered,712,May-22 1st,2022-05,269,17,0,0
ons_realtime_abmi_e4_registered,713,Jun-22 QNA,2022-06,269,17,0,0
ons_realtime_abmi_e4_registered,714,Aug-22 1st,2022-08,270,16,0,0
ons_realtime_abmi_e4_registered,715,Sep-22 [2019 prices] QNA,2022-09,270,16,0,0
ons_realtime_abmi_e4_registered,716,Nov-22 1st,2022-11,271,15,0,0
ons_realtime_abmi_e4_registered,717,Dec-22 QNA,2022-12,271,15,0,0
ons_realtime_abmi_e4_registered,718,Feb-23 1st,2023-02,272,14,0,0
ons_realtime_abmi_e4_registered,719,Mar-23 QNA,2023-03,272,14,0,0
ons_realtime_abmi_e4_registered,720,May-23 1st,2023-05,273,13,0,0
ons_realtime_abmi_e4_registered,721,Jun-23 QNA,2023-06,273,13,0,0
ons_realtime_abmi_e4_registered,722,Aug-23 1st,2023-08,274,12,0,0
ons_realtime_abmi_e4_registered,723,Sep-23 [2019 prices] QNA,2023-09,274,12,0,0
ons_realtime_abmi_e4_registered,724,Nov-23 1st,2023-11,275,11,0,0
ons_realtime_abmi_e4_registered,725,Dec-23 QNA,2023-12,275,11,0,0
ons_realtime_abmi_e4_registered,726,Feb-24 1st,2024-02,276,10,0,0
ons_realtime_abmi_e4_registered,727,Mar-24 QNA,2024-03,276,10,0,0
ons_realtime_abmi_e4_registered,728,May-24 1st,2024-05,277,9,0,0
ons_realtime_abmi_e4_registered,729,Jun-24 QNA,2024-06,277,9,0,0
ons_realtime_abmi_e4_registered,730,Aug-24 1st,2024-08,278,8,0,0
ons_realtime_abmi_e4_registered,731,Sep-24 [2022 prices] QNA,2024-09,278,8,0,0
ons_realtime_abmi_e4_registered,732,Nov-24 1st,2024-11,279,7,0,0
ons_realtime_abmi_e4_registered,733,Dec-24 QNA,2024-12,279,7,0,0
ons_realtime_abmi_e4_registered,734,Feb-25 1st,2025-02,280,6,0,0
ons_realtime_abmi_e4_registered,735,Mar-25 QNA,2025-03,280,6,0,0
ons_realtime_abmi_e4_registered,736,May-25 1st,2025-05,281,5,0,0
ons_realtime_abmi_e4_registered,737,Jun-25 QNA,2025-06,281,5,0,0
ons_realtime_abmi_e4_registered,738,Aug-25 1st,2025-08,282,4,0,0
ons_realtime_abmi_e4_registered,739,Sep-25 [2023 prices] QNA,2025-09,282,4,0,0
ons_realtime_abmi_e4_registered,740,Nov-25 1st,2025-11,283,3,0,0
ons_realtime_abmi_e4_registered,741,Dec-25 QNA,2025-12,283,3,0,0
ons_realtime_abmi_e4_registered,742,Feb-26 1st,2026-02,284,2,0,0
ons_realtime_abmi_e4_registered,743,Mar-26 QNA,2026-03,284,2,0,0
ons_realtime_abmi_e4_registered,744,May- 2026 1st,2026-05,285,1,0,0
ons_realtime_abmi_e4_registered,745,June-26 QNA,2026-06,285,1,0,0
ons_realtime_abmi_e4_registered,746,Aug- 26 1st,2026-08,286,0,0,0
ons_realtime_abmi_e4_registered,747,Sep-26 [2024 prices] QNA,2026-09,286,0,0,0
