data_kind,j,position,quarter,growth,intercept,phi1,phi2,modulus,status,modulus_w32,modulus_w48,lag1_w40
ons_realtime_abmi_e4_registered,0,0,1955Q2,-5.322421771027308,,,,,warmup,,,
ons_realtime_abmi_e4_registered,0,1,1955Q3,10.805779014271621,,,,,warmup,,,
ons_realtime_abmi_e4_registered,0,2,1955Q4,0.09229349371793205,,,,,warmup,,,
ons_realtime_abmi_e4_registered,0,3,1956Q1,-0.04614408495626776,,,,,warmup,,,
ons_realtime_abmi_e4_registered,0,4,1956Q2,1.5199511639103491,,,,,warmup,,,
ons_realtime_abmi_e4_registered,0,5,1956Q3,-1.05874968309152,,,,,warmup,,,
ons_realtime_abmi_e4_registered,0,6,1956Q4,5.08394088253965,,,,,warmup,,,
ons_realtime_abmi_e4_registered,0,7,1957Q1,5.110012404461628,,,,,warmup,,,
ons_realtime_abmi_e4_registered,0,8,1957Q2,-0.4046080704640076,,,,,warmup,,,
ons_realtime_abmi_e4_registered,0,9,1957Q3,-2.753184353105098,,,,,warmup,,,
ons_realtime_abmi_e4_registered,0,10,1957Q4,0.22638520045106247,,,,,warmup,,,
ons_realtime_abmi_e4_registered,0,11,1958Q1,4.948331211836887,,,,,warmup,,,
ons_realtime_abmi_e4_registered,0,12,1958Q2,-7.855782967685343,,,,,warmup,,,
ons_realtime_abmi_e4_registered,0,13,1958Q3,8.034573897022312,,,,,warmup,,,
ons_realtime_abmi_e4_registered,0,14,1958Q4,-1.4325700818929477,,,,,warmup,,,
ons_realtime_abmi_e4_registered,0,15,1959Q1,2.7709608018973597,,,,,warmup,,,
ons_realtime_abmi_e4_registered,0,16,1959Q2,8.112258641142489,,,,,warmup,,,
ons_realtime_abmi_e4_registered,0,17,1959Q3,6.321846245889162,,,,,warmup,,,
ons_realtime_abmi_e4_registered,0,18,1959Q4,10.305367224551532,,,,,warmup,,,
ons_realtime_abmi_e4_registered,0,19,1960Q1,4.7859906134561925,,,,,warmup,,,
ons_realtime_abmi_e4_registered,0,20,1960Q2,-4.869733940466148,,,,,warmup,,,
ons_realtime_abmi_e4_registered,0,21,1960Q3,4.952464033831916,,,,,warmup,,,
ons_realtime_abmi_e4_registered,0,22,1960Q4,5.952796269513527,,,,,warmup,,,
ons_realtime_abmi_e4_registered,0,23,1961Q1,7.348546233107811,,,,,warmup,,,
ons_realtime_abmi_e4_registered,0,24,1961Q2,1.1585526201635332,,,,,warmup,,,
ons_realtime_abmi_e4_registered,0,25,1961Q3,0.11965897282237847,,,,,warmup,,,
ons_realtime_abmi_e4_registered,0,26,1961Q4,-3.1630213363271764,,,,,warmup,,,
ons_realtime_abmi_e4_registered,0,27,1962Q1,0.883357114682326,,,,,warmup,,,
ons_realtime_abmi_e4_registered,0,28,1962Q2,7.824307456294832,,,,,warmup,,,
ons_realtime_abmi_e4_registered,0,29,1962Q3,-1.8528589775414162,,,,,warmup,,,
ons_realtime_abmi_e4_registered,0,30,1962Q4,0.9866316481684123,,,,,warmup,,,
ons_realtime_abmi_e4_registered,0,31,1963Q1,-4.1603069303334905,,,,,warmup,0.06287925546891854,,
ons_realtime_abmi_e4_registered,0,32,1963Q2,19.699994204349025,,,,,warmup,0.2719533849702206,,
ons_realtime_abmi_e4_registered,0,33,1963Q3,0.4168443369046315,,,,,warmup,0.21253402571217242,,
ons_realtime_abmi_e4_registered,0,34,1963Q4,8.28404250605601,,,,,warmup,0.3807165427782776,,
ons_realtime_abmi_e4_registered,0,35,1964Q1,3.47217989629911,,,,,warmup,0.34768340642176854,,
ons_realtime_abmi_e4_registered,0,36,1964Q2,8.082554053393665,,,,,warmup,0.39987773595406206,,
ons_realtime_abmi_e4_registered,0,37,1964Q3,-0.7937226379972628,,,,,warmup,0.42429255626521034,,
ons_realtime_abmi_e4_registered,0,38,1964Q4,6.341661783658026,,,,,warmup,0.4510333883462372,,
ons_realtime_abmi_e4_registered,0,39,1965Q1,0.8167253936022689,3.154388259461523,-0.20054906965674704,0.08213609400863763,0.4039043692381105,ok,0.4892234290834431,,-0.2677491163769703
ons_realtime_abmi_e4_registered,0,40,1965Q2,-2.16976211187756,3.047035555823084,-0.19002793305899895,0.06260073662826647,0.36264877454956124,ok,0.44068282250025825,,-0.20799590466508835
ons_realtime_abmi_e4_registered,0,41,1965Q3,4.786230382095624,3.1365745313285993,-0.20093898141912048,0.08871848141077267,0.414814205909627,ok,0.4532349675645845,,-0.20917806864482358
ons_realtime_abmi_e4_registered,0,42,1965Q4,3.4039772035711735,3.2636419428456724,-0.20561009188723503,0.0763966484400061,0.3977042251752244,ok,0.38258628518342663,,-0.21668812132351492
ons_realtime_abmi_e4_registered,0,43,1966Q1,0.0,3.3821356216349727,-0.21715265980814472,0.05637094025902937,0.369650571594951,ok,0.35737946835371787,,-0.22206047956686537
ons_realtime_abmi_e4_registered,0,44,1966Q2,2.403874325435851,3.2755445039975504,-0.20721974489512826,0.059960090665099795,0.3694953672262382,ok,0.23672109825793936,,-0.22631182051673146
ons_realtime_abmi_e4_registered,0,45,1966Q3,2.1477491627535983,3.153492878027211,-0.21081344284750744,0.07300741231577927,0.3954377356913387,ok,0.28562392660725855,,-0.22060108938194498
ons_realtime_abmi_e4_registered,0,46,1966Q4,1.413977417564638,3.135497471138849,-0.20083197164543282,0.08248259321959063,0.40466253621949344,ok,0.3557589504200056,,-0.2256143642369068
ons_realtime_abmi_e4_registered,0,47,1967Q1,4.824901307902252,3.386376179774009,-0.22273160178053208,0.0919606028831493,0.43441834226872306,ok,0.367917983616075,0.347027379569515,-0.2211748736535469
ons_realtime_abmi_e4_registered,0,48,1967Q2,4.1956060519524385,3.665544121033193,-0.24769842841433348,0.07083787410048306,0.41740755927713014,ok,0.21944929107072833,0.33129068978531817,-0.23948563128627215
ons_realtime_abmi_e4_registered,0,49,1967Q3,-0.9098188497709714,3.513863414201289,-0.24683603818738442,0.07301967466374223,0.42048986579201736,ok,0.22100503954097156,0.3773322432270177,-0.2654043548031731
ons_realtime_abmi_e4_registered,0,50,1967Q4,-3.6260679543062224,3.532969504610783,-0.20118798646494632,0.0445470982858643,0.33440214056767437,ok,0.33874466665185443,0.3445997698601392,-0.22457902067122532
ons_realtime_abmi_e4_registered,0,51,1968Q1,14.869116431086127,4.122558776059785,-0.26413539686167853,-0.018496810508836257,0.13600297977925432,ok,0.22803414279446482,0.2121653455921816,-0.24830365914886046
ons_realtime_abmi_e4_registered,0,52,1968Q2,-5.18308741692195,4.2891888195457835,-0.31504926590008203,-0.03476032485458236,0.18644121018321663,ok,0.4277914728992659,0.3316978373073759,-0.3011253629752828
ons_realtime_abmi_e4_registered,0,53,1968Q3,8.287044180946168,4.355852265930468,-0.3354134080121519,0.0014680142425734868,0.3397344715645578,ok,0.46806389911386215,0.42439074931030496,-0.31938403060367626
ons_realtime_abmi_e4_registered,0,54,1968Q4,3.3706243847888118,4.196381085722231,-0.3208361549448858,0.012680153323569539,0.3564132633917002,ok,0.3933744321025488,0.39776529941495187,-0.32733165395194447
ons_realtime_abmi_e4_registered,0,55,1969Q1,-3.663652764667802,4.1529939892179675,-0.35881082797896235,-0.029907012052714635,0.22714732970326973,ok,0.2894485228588629,0.36485879067378735,-0.31220805801660917
ons_realtime_abmi_e4_registered,0,56,1969Q2,0.5858422528106644,3.9912391239271336,-0.3730078419452088,-0.07733035766558678,0.27808336459699773,ok,0.2533417410129507,0.32661681264627407,-0.31811315187296363
ons_realtime_abmi_e4_registered,0,57,1969Q3,1.914267351406096,3.958563899888736,-0.41370681127986186,-0.0946332086670516,0.3076251105925061,ok,0.27489771401184093,0.3657438579066008,-0.3434906578839875
ons_realtime_abmi_e4_registered,0,58,1969Q4,4.602005787855035,3.926509329099855,-0.38143759855240483,-0.04103463189915316,0.20257006664152816,ok,0.3375401393266771,0.29666160502483807,-0.3789367410237683
ons_realtime_abmi_e4_registered,0,59,1970Q1,-4.181446891092833,3.8281504938452704,-0.39848362546659194,-0.04171408254961308,0.20424025692701495,ok,0.34453982616559653,0.3043622545427328,-0.3606281072558376
ons_realtime_abmi_e4_registered,0,60,1970Q2,7.273218927617364,3.7198017281301663,-0.4098582748142893,-0.010927530764534017,0.38119150036050564,ok,0.4251861113757649,0.1667581195090514,-0.3876984186732445
ons_realtime_abmi_e4_registered,0,61,1970Q3,2.1216849015601724,3.75856813539673,-0.4379932231072547,-0.04596145747105448,0.263696258094913,ok,0.3184031738674078,0.2035100998351702,-0.3995145484732754
ons_realtime_abmi_e4_registered,0,62,1970Q4,1.9848030327388244,3.7640485601973683,-0.4459157545204311,-0.054590987040371367,0.23364714216178928,ok,0.37338347781111303,0.2891924592716708,-0.4190990580857984
ons_realtime_abmi_e4_registered,0,63,1971Q1,-4.4241247333296485,3.5763709600645455,-0.4374741818068525,-0.034865848346802085,0.33266718609381773,ok,0.49219285814982083,0.3119950063255841,-0.3998411931814821
ons_realtime_abmi_e4_registered,0,64,1971Q2,5.898462755042999,3.8768512644270485,-0.46353493623998304,-0.05528032987561932,0.23511769366770194,ok,0.43610262413108963,0.2542836985489005,-0.4216220491845194
ons_realtime_abmi_e4_registered,0,65,1971Q3,10.59807871271019,4.534305428686901,-0.4981715171966178,-0.14176302177930272,0.376514304880044,ok,0.546781970826772,0.3866956335518381,-0.386873205650672
ons_realtime_abmi_e4_registered,0,66,1971Q4,-1.1298148661815333,4.318560210494201,-0.4764306534066444,-0.11189442055470837,0.334506233954927,ok,0.6111860659757461,0.31962651363162625,-0.43199841747589723
ons_realtime_abmi_e4_registered,0,67,1972Q1,-3.162071802845645,4.296153169405928,-0.4609132427668594,-0.15931392912846973,0.3991414901115515,ok,0.6628994523713203,0.37909914662053895,-0.3912817717954477
ons_realtime_abmi_e4_registered,0,68,1972Q2,6.693565934286738,4.413219378868898,-0.47491002649371683,-0.1531617824800631,0.3913588921694039,ok,0.6921820231468414,0.35996423032393576,-0.39525043980393015
ons_realtime_abmi_e4_registered,0,69,1972Q3,-1.7314071912913676,4.740582101085532,-0.5149524975423695,-0.1863003857789697,0.4316252839894458,ok,0.6757110380529527,0.37171328478752313,-0.4183399756441289
ons_realtime_abmi_e4_registered,0,70,1972Q4,8.79156268751018,3.985844185865906,-0.409861833239233,-0.10268383939443297,0.3204431921486755,ok,0.6310153820975237,0.36410758914066965,-0.44059786002350226
ons_realtime_abmi_e4_registered,0,71,1973Q1,19.24370205183621,4.381150871970078,-0.37011132156820303,-0.14227364288014785,0.37719178527659886,ok,0.6596159092947663,0.3918123145706327,-0.20711835164220432
ons_realtime_abmi_e4_registered,0,72,1973Q2,-7.737185137251856,4.880340570281945,-0.456353633698623,-0.3453593470650671,0.5876728231465763,ok,0.6527171322203592,0.4462893316750283,-0.35188412228879196
ons_realtime_abmi_e4_registered,1,0,1955Q2,-5.651664601339945,,,,,warmup,,,
ons_realtime_abmi_e4_registered,1,1,1955Q3,9.565809704537998,,,,,warmup,,,
ons_realtime_abmi_e4_registered,1,2,1955Q4,0.5206558518601412,,,,,warmup,,,
ons_realtime_abmi_e4_registered,1,3,1956Q1,-0.09912030778025382,,,,,warmup,,,
ons_realtime_abmi_e4_registered,1,4,1956Q2,1.9530926655001224,,,,,warmup,,,
ons_realtime_abmi_e4_registered,1,5,1956Q3,-1.7796482424273563,,,,,warmup,,,
ons_realtime_abmi_e4_registered,1,6,1956Q4,5.828389983044957,,,,,warmup,,,
ons_realtime_abmi_e4_registered,1,7,1957Q1,5.238978602160671,,,,,warmup,,,
ons_realtime_abmi_e4_registered,1,8,1957Q2,-1.3033258378030155,,,,,warmup,,,
ons_realtime_abmi_e4_registered,1,9,1957Q3,-3.8624172815616475,,,,,warmup,,,
ons_realtime_abmi_e4_registered,1,10,1957Q4,1.2672891853149792,,,,,warmup,,,
ons_realtime_abmi_e4_registered,1,11,1958Q1,4.404158224639332,,,,,warmup,,,
ons_realtime_abmi_e4_registered,1,12,1958Q2,-9.37438284492842,,,,,warmup,,,
ons_realtime_abmi_e4_registered,1,13,1958Q3,9.51875243263629,,,,,warmup,,,
ons_realtime_abmi_e4_registered,1,14,1958Q4,-1.6392477591580246,,,,,warmup,,,
ons_realtime_abmi_e4_registered,1,15,1959Q1,1.6392477591580246,,,,,warmup,,,
ons_realtime_abmi_e4_registered,1,16,1959Q2,7.837549372859343,,,,,warmup,,,
ons_realtime_abmi_e4_registered,1,17,1959Q3,7.895146819139143,,,,,warmup,,,
ons_realtime_abmi_e4_registered,1,18,1959Q4,9.214205260323638,,,,,warmup,,,
ons_realtime_abmi_e4_registered,1,19,1960Q1,4.562231663064864,,,,,warmup,,,
ons_realtime_abmi_e4_registered,1,20,1960Q2,-5.966059663477807,,,,,warmup,,,
ons_realtime_abmi_e4_registered,1,21,1960Q3,5.720174048425264,,,,,warmup,,,
ons_realtime_abmi_e4_registered,1,22,1960Q4,5.198340406253976,,,,,warmup,,,
ons_realtime_abmi_e4_registered,1,23,1961Q1,8.127430183881756,,,,,warmup,,,
ons_realtime_abmi_e4_registered,1,24,1961Q2,1.2093082687272272,,,,,warmup,,,
ons_realtime_abmi_e4_registered,1,25,1961Q3,1.1841653560523469,,,,,warmup,,,
ons_realtime_abmi_e4_registered,1,26,1961Q4,-3.3678955439320646,,,,,warmup,,,
ons_realtime_abmi_e4_registered,1,27,1962Q1,0.2167434352678299,,,,,warmup,,,
ons_realtime_abmi_e4_registered,1,28,1962Q2,7.193859176574335,,,,,warmup,,,
ons_realtime_abmi_e4_registered,1,29,1962Q3,-0.638977771662752,,,,,warmup,,,
ons_realtime_abmi_e4_registered,1,30,1962Q4,0.27701569974851736,,,,,warmup,,,
ons_realtime_abmi_e4_registered,1,31,1963Q1,-0.34096965303902493,,,,,warmup,0.25246592590778627,,
ons_realtime_abmi_e4_registered,1,32,1963Q2,14.816508672139861,,,,,warmup,0.3461273827478794,,
ons_realtime_abmi_e4_registered,1,33,1963Q3,-0.3699707370273586,,,,,warmup,0.3073389706961197,,
ons_realtime_abmi_e4_registered,1,34,1963Q4,9.730566415624509,,,,,warmup,0.2801086886626952,,
ons_realtime_abmi_e4_registered,1,35,1964Q1,3.13852530987333,,,,,warmup,0.20740880427312042,,
ons_realtime_abmi_e4_registered,1,36,1964Q2,6.772293360955928,,,,,warmup,0.3041892935164979,,
ons_realtime_abmi_e4_registered,1,37,1964Q3,-2.8292273753926622,,,,,warmup,0.3481102592010199,,
ons_realtime_abmi_e4_registered,1,38,1964Q4,7.984063225813998,,,,,warmup,0.4077555983620467,,
ons_realtime_abmi_e4_registered,1,39,1965Q1,1.5817159058450159,3.149440531324762,-0.20452231947056002,0.043462273330165974,0.33446714182999354,ok,0.45499125829931464,,-0.25619714708130525
ons_realtime_abmi_e4_registered,1,40,1965Q2,-0.6550745647906808,3.1211728586578564,-0.20212762066733675,0.019978980229762525,0.2748247783009372,ok,0.39121515494798287,,-0.20949848327175
ons_realtime_abmi_e4_registered,1,41,1965Q3,3.4941426889965044,3.159123111250507,-0.20553655492494255,0.04378047228150923,0.33588153563135514,ok,0.4095567952840704,,-0.20711205000004823
ons_realtime_abmi_e4_registered,1,42,1965Q4,2.8000781024886123,3.2287268318379576,-0.21019139533278985,0.03855123800948554,0.32779806334191225,ok,0.3534945332037822,,-0.2143032921621356
ons_realtime_abmi_e4_registered,1,43,1966Q1,0.2087435111533864,3.3536187465896807,-0.21826622173903437,0.020526298875412425,0.28923401248711256,ok,0.3280431196188681,,-0.21718550600502834
ons_realtime_abmi_e4_registered,1,44,1966Q2,5.127308657991847,3.3203170700703297,-0.21222895293667002,0.02374186749451869,0.2932030907949891,ok,0.10999963373167873,,-0.22633254337085026
ons_realtime_abmi_e4_registered,1,45,1966Q3,-1.1253875940731461,3.1244964914865685,-0.2267621326854963,0.04643372064377318,0.356874365734727,ok,0.29364957369066613,,-0.22259783051433346
ons_realtime_abmi_e4_registered,1,46,1966Q4,4.872531255416135,3.178387937008204,-0.2177965400619344,0.06363898982974647,0.38366694190875594,ok,0.3691014318787451,,-0.2410420469108075
ons_realtime_abmi_e4_registered,1,47,1967Q1,6.460510852070911,3.571079069861381,-0.2428458501359846,0.061647426497042204,0.39781205877101883,ok,0.35732019969915507,0.2653010476021975,-0.21974770321051215
ons_realtime_abmi_e4_registered,1,48,1967Q2,0.6932094588535165,3.8101045858049734,-0.28199611159241883,0.0334514190744851,0.3719349970005046,ok,0.1618324862260758,0.24074126612918356,-0.26120579391489457
ons_realtime_abmi_e4_registered,1,49,1967Q3,1.0921011516451529,3.677468853580454,-0.27216323554291966,0.03417893230118714,0.36564019198833553,ok,0.2885618242118597,0.2896724100741344,-0.2827257949045703
ons_realtime_abmi_e4_registered,1,50,1967Q4,-5.306330961806793,3.6050398265271815,-0.23056822266372265,0.04516029043503639,0.3570499417558759,ok,0.41668526383383414,0.3217584571723555,-0.2444282760245982
ons_realtime_abmi_e4_registered,1,51,1968Q1,17.690999534297447,4.3084313137726165,-0.3261026368698533,-0.01145711993545611,0.28604974325375,ok,0.3864205003801916,0.2197429674714047,-0.2894322887558833
ons_realtime_abmi_e4_registered,1,52,1968Q2,-6.108615566211029,4.488784450832931,-0.38170510344042285,-0.025973950818470277,0.2930814403948209,ok,0.5736728530791737,0.3586699444801533,-0.3592603001515284
ons_realtime_abmi_e4_registered,1,53,1968Q3,9.110802284330788,4.533144218594359,-0.40268444360625555,0.02872762528286103,0.4645271673518444,ok,0.5763118572642836,0.4713218651792501,-0.38363697912014166
ons_realtime_abmi_e4_registered,1,54,1968Q4,4.781314399834713,4.472429957983924,-0.3767698840798068,0.021094780476732005,0.42625815798509925,ok,0.4493311826182713,0.4222715106098476,-0.3906856674123659
ons_realtime_abmi_e4_registered,1,55,1969Q1,-7.5016372817515276,4.518606863628239,-0.44903181698718725,-0.053162550085425656,0.23057005461556723,ok,0.3559759033514136,0.34196311522436346,-0.3603294530062968
ons_realtime_abmi_e4_registered,1,56,1969Q2,3.855620458663367,4.443329810077147,-0.4744522725862676,-0.10782189779633808,0.3283624488219353,ok,0.3627009835112954,0.21460834305959883,-0.39459198378604055
ons_realtime_abmi_e4_registered,1,57,1969Q3,6.058361517350619,4.761522794467212,-0.5376312134731481,-0.18344562684773755,0.4283055297888851,ok,0.45630727396348814,0.2631299285546277,-0.42458286695796066
ons_realtime_abmi_e4_registered,1,58,1969Q4,0.36060016608558954,4.679373229604581,-0.5033806125127598,-0.12879234921519928,0.35887650970103807,ok,0.44345482943151404,0.2861778455156611,-0.45575951570300693
ons_realtime_abmi_e4_registered,1,59,1970Q1,-3.7592965098063758,4.589869426620977,-0.5069303290416123,-0.1507066004999594,0.3882094801778537,ok,0.4657856582093963,0.30031179641021916,-0.41188586062136073
ons_realtime_abmi_e4_registered,1,60,1970Q2,6.46200949495821,4.445546920309354,-0.5045689855605291,-0.12689746805386076,0.356226708787902,ok,0.44025737911673596,0.34904161873153217,-0.4347231398699904
ons_realtime_abmi_e4_registered,1,61,1970Q3,6.929360374732596,4.645605097631282,-0.5313686499576888,-0.19155530953963412,0.4376703206063145,ok,0.5164776610996836,0.36464571553070674,-0.42384934016450587
ons_realtime_abmi_e4_registered,1,62,1970Q4,-0.30170970253777796,4.665636164639199,-0.546238730917226,-0.20267402165476803,0.45019331587082456,ok,0.45759135038436977,0.34979923390318546,-0.4462635265767539
ons_realtime_abmi_e4_registered,1,63,1971Q1,-2.8607610369419945,4.547887682241175,-0.5371413702414309,-0.2178922208472716,0.4667892681363525,ok,0.4936041015073419,0.373610893137128,-0.42413267863856835
ons_realtime_abmi_e4_registered,1,64,1971Q2,5.384745090974974,4.769139520408063,-0.5471658411186778,-0.22971342320484148,0.4792842822426388,ok,0.605064019691227,0.4413329129939656,-0.43759396974717946
ons_realtime_abmi_e4_registered,1,65,1971Q3,10.215841172434637,5.438043907436493,-0.5948769302072126,-0.29740877238363334,0.5453519711008967,ok,0.6459811619106418,0.5203273940738377,-0.4068694647563863
ons_realtime_abmi_e4_registered,1,66,1971Q4,-2.100768187498403,5.373215965909846,-0.5878924281762808,-0.2887198969761006,0.5373266203866142,ok,0.6998837055755808,0.4799434742569048,-0.4583618443780583
ons_realtime_abmi_e4_registered,1,67,1972Q1,0.6199780985831183,5.363442726287955,-0.5762790733538772,-0.3076104342617871,0.5546263916022993,ok,0.7023389285076799,0.49646941592961136,-0.43937328488170335
ons_realtime_abmi_e4_registered,1,68,1972Q2,3.7644282381464222,5.32543272188764,-0.5727174417203428,-0.28481651912361833,0.5336820393489163,ok,0.6962641695438241,0.4763391615020807,-0.434915477286608
ons_realtime_abmi_e4_registered,1,69,1972Q3,-3.568845152186384,5.425704843422096,-0.5989841125423835,-0.3013502801829559,0.5489538051448007,ok,0.6871423235577384,0.4942268817282115,-0.4367298956035397
ons_realtime_abmi_e4_registered,1,70,1972Q4,7.618048204765415,4.987551802889707,-0.5612638779572643,-0.2605977030018326,0.5104877109214605,ok,0.684688882453011,0.5073171480078384,-0.4640890642201261
ons_realtime_abmi_e4_registered,1,71,1973Q1,29.515270728003173,5.928167365319336,-0.5245353322912211,-0.3947527458041011,0.6282935188302526,ok,0.7868000856849149,0.6034211071336387,-0.19969547261682877
ons_realtime_abmi_e4_registered,1,72,1973Q2,-2.9661231809434696,5.39378613923582,-0.35785752293889783,-0.40729577476007295,0.6381972851400051,ok,0.6924501649102978,0.5506877250711211,-0.28405143591667703
ons_realtime_abmi_e4_registered,1,73,1973Q3,-2.250399754679222,5.274470022227112,-0.3591309113748965,-0.35412407607058216,0.595083251377975,ok,0.6238433231331488,0.5557905308998256,-0.24935683500664974
ons_realtime_abmi_e4_registered,1,74,1973Q4,-4.523925289921493,4.594568875745685,-0.3170908281492931,-0.32523295348123177,0.5702919896695304,ok,0.5743587172812241,0.5049683120526561,-0.22622903999762797
ons_realtime_abmi_e4_registered,1,75,1974Q1,-8.33331442298757,3.8824457525503178,-0.2301588209007192,-0.2587219850391603,0.5086472107848035,ok,0.5197353349474693,0.44518306088841714,-0.17058847684119088
ons_realtime_abmi_e4_registered,1,76,1974Q2,9.882350111115557,3.9043621102655504,-0.23630994897148255,-0.28389073414790666,0.5328139770575718,ok,0.537396145839328,0.4552820277382978,-0.19713676800884472
ons_realtime_abmi_e4_registered,1,77,1974Q3,3.9366091379164914,3.93681741525006,-0.23327245216344758,-0.2869088187192312,0.5356387016630064,ok,0.5299928576929417,0.4683073927905118,-0.17938371655720248
ons_realtime_abmi_e4_registered,1,78,1974Q4,-8.617164896897833,3.8695488537892553,-0.246132713854151,-0.31809018175321563,0.5639948419562147,ok,0.5634689735921311,0.48595670115097805,-0.17570073986472792
ons_realtime_abmi_e4_registered,1,79,1975Q1,-3.88337603462503,3.5187679360182496,-0.1977106888866443,-0.31502188541169834,0.5612681047518185,ok,0.560349031155118,0.47904566338988713,-0.13996318468024238
ons_realtime_abmi_e4_registered,1,80,1975Q2,5.902577997311909,3.471050135261776,-0.19336263235816534,-0.30866150576784895,0.5555731326907817,ok,0.5620259013493426,0.5282490256564406,-0.1490291997364466
ons_realtime_abmi_e4_registered,1,81,1975Q3,-7.189924733650344,3.19480025618338,-0.20727239718611443,-0.27736270316916545,0.5266523551349271,ok,0.5186888285039546,0.49877121555516907,-0.15942696524243774
ons_realtime_abmi_e4_registered,1,82,1975Q4,7.647416205556823,3.2684187944114003,-0.2242499706571097,-0.2727057580254269,0.5222123687020702,ok,0.5345624991447568,0.5187403552246507,-0.1806418782336603
ons_realtime_abmi_e4_registered,1,83,1976Q1,8.98202981172247,3.5168039300392975,-0.21019636841111286,-0.29700692704681775,0.5449834190567798,ok,0.6324612999693502,0.53625294485035,-0.15771907185678782
ons_realtime_abmi_e4_registered,1,84,1976Q2,-2.871577111157819,3.4198335683372516,-0.21412484533053525,-0.30698260096979957,0.5540601059179406,ok,0.6385824369221971,0.5512992599101445,-0.16766563042435043
ons_realtime_abmi_e4_registered,1,85,1976Q3,5.26372435175233,3.4114174590634985,-0.22521365355278025,-0.29068933663546953,0.5391561338197587,ok,0.5992693272576121,0.5435173299654276,-0.17094752506754277
ons_realtime_abmi_e4_registered,1,86,1976Q4,4.6246695055153,3.4538252932200915,-0.22396009377265388,-0.2942913851941935,0.542486299545153,ok,0.6030756298164949,0.5429321730260674,-0.1727366471321857
ons_realtime_abmi_e4_registered,1,87,1977Q1,-7.464144012591589,3.2972661403787296,-0.23525759224331474,-0.30732068924664957,0.5543651226823794,ok,0.6138280507058126,0.5547427700086613,-0.17419694338233593
ons_realtime_abmi_e4_registered,1,88,1977Q2,2.454132300832157,3.4966268146695487,-0.23511141733080707,-0.31453320706799237,0.560832601645083,ok,0.6125263018140266,0.5550209984946928,-0.17671357217515632
ons_realtime_abmi_e4_registered,1,89,1977Q3,3.7339999962497927,2.950687057609353,-0.18598801877092302,-0.29351834826278395,0.5417733366111551,ok,0.5957180709397782,0.5488783865210913,-0.17967889280750374
ons_realtime_abmi_e4_registered,1,90,1977Q4,7.105344618659615,3.2110747136350595,-0.12504628419757413,-0.31006373104958684,0.556833665513847,ok,0.5911417120129012,0.5479387668774629,-0.12632090205267374
ons_realtime_abmi_e4_registered,1,91,1978Q1,-0.7800652526412932,2.9630752353381107,-0.09084855874001273,-0.39362771472067437,0.6273975730911575,ok,0.5844133657496379,0.5513394770408876,-0.08522565665699931
ons_realtime_abmi_e4_registered,1,92,1978Q2,3.7992730309390765,3.0398324778644525,-0.0963890271680789,-0.38402762736587454,0.6196996267272351,ok,0.5754363949360612,0.5498112966226909,-0.06122720518710979
ons_realtime_abmi_e4_registered,1,93,1978Q3,3.9763033870343634,3.1666049755536716,-0.08392730733693644,-0.3599732921462223,0.5999777430423752,ok,0.5679365562550774,0.5466398825272993,-0.07109463776544302
ons_realtime_abmi_e4_registered,1,94,1978Q4,0.8924306490719403,3.0895748375361305,-0.07498814191554666,-0.3626423596311249,0.6021979405736331,ok,0.5658436020176143,0.5473077406472822,-0.0586173693768678
ons_realtime_abmi_e4_registered,1,95,1979Q1,-5.026318695129106,2.899472614017646,-0.07085515297333833,-0.36571747362613843,0.6047457925658833,ok,0.5536330548385144,0.5513772695178366,-0.046507399442430916
ons_realtime_abmi_e4_registered,1,96,1979Q2,12.747835766587912,3.263045601977859,-0.10670392313781017,-0.37403665258863644,0.6115853600182369,ok,0.5584296180072967,0.5653800642135474,-0.0854054396678978
ons_realtime_abmi_e4_registered,1,97,1979Q3,-11.560318127862246,3.050044552416917,-0.18881806581384714,-0.31278585586062474,0.5592726131866504,ok,0.5118556919953993,0.5246452166566525,-0.1434306180988709
ons_realtime_abmi_e4_registered,1,98,1979Q4,0.5425084706260463,2.930123021132368,-0.17638937459901674,-0.3118430422918403,0.5584290843892716,ok,0.5145735234349467,0.5412533507216382,-0.13920871004810295
ons_realtime_abmi_e4_registered,2,0,1955Q2,-6.627973932356213,,,,,warmup,,,
ons_realtime_abmi_e4_registered,2,1,1955Q3,11.492183208832074,,,,,warmup,,,
ons_realtime_abmi_e4_registered,2,2,1955Q4,-0.0089203081969913,,,,,warmup,,,
ons_realtime_abmi_e4_registered,2,3,1956Q1,0.6506602738248546,,,,,warmup,,,
ons_realtime_abmi_e4_registered,2,4,1956Q2,1.927928658675171,,,,,warmup,,,
ons_realtime_abmi_e4_registered,2,5,1956Q3,-1.9813676826018423,,,,,warmup,,,
ons_realtime_abmi_e4_registered,2,6,1956Q4,5.449482729244437,,,,,warmup,,,
ons_realtime_abmi_e4_registered,2,7,1957Q1,6.536235546338531,,,,,warmup,,,
ons_realtime_abmi_e4_registered,2,8,1957Q2,-1.0126478128654526,,,,,warmup,,,
ons_realtime_abmi_e4_registered,2,9,1957Q3,-4.470586072357463,,,,,warmup,,,
ons_realtime_abmi_e4_registered,2,10,1957Q4,2.4462770636532127,,,,,warmup,,,
ons_realtime_abmi_e4_registered,2,11,1958Q1,4.219457547901584,,,,,warmup,,,
ons_realtime_abmi_e4_registered,2,12,1958Q2,-9.806593806072783,,,,,warmup,,,
ons_realtime_abmi_e4_registered,2,13,1958Q3,10.245903445053983,,,,,warmup,,,
ons_realtime_abmi_e4_registered,2,14,1958Q4,-1.284829991769243,,,,,warmup,,,
ons_realtime_abmi_e4_registered,2,15,1959Q1,1.4569766633883319,,,,,warmup,,,
ons_realtime_abmi_e4_registered,2,16,1959Q2,7.789078430668894,,,,,warmup,,,
ons_realtime_abmi_e4_registered,2,17,1959Q3,8.260804551365197,,,,,warmup,,,
ons_realtime_abmi_e4_registered,2,18,1959Q4,9.823608257197947,,,,,warmup,,,
ons_realtime_abmi_e4_registered,2,19,1960Q1,5.336510714105458,,,,,warmup,,,
ons_realtime_abmi_e4_registered,2,20,1960Q2,-6.669697149908416,,,,,warmup,,,
ons_realtime_abmi_e4_registered,2,21,1960Q3,6.406945212120263,,,,,warmup,,,
ons_realtime_abmi_e4_registered,2,22,1960Q4,4.868599641251592,,,,,warmup,,,
ons_realtime_abmi_e4_registered,2,23,1961Q1,7.768898817004555,,,,,warmup,,,
ons_realtime_abmi_e4_registered,2,24,1961Q2,0.7478583175569042,,,,,warmup,,,
ons_realtime_abmi_e4_registered,2,25,1961Q3,0.7387743067404529,,,,,warmup,,,
ons_realtime_abmi_e4_registered,2,26,1961Q4,-3.2965204673253368,,,,,warmup,,,
ons_realtime_abmi_e4_registered,2,27,1962Q1,0.3254552678576772,,,,,warmup,,,
ons_realtime_abmi_e4_registered,2,28,1962Q2,8.248821420047392,,,,,warmup,,,
ons_realtime_abmi_e4_registered,2,29,1962Q3,-0.805104327704953,,,,,warmup,,,
ons_realtime_abmi_e4_registered,2,30,1962Q4,0.08362395856877924,,,,,warmup,,,
ons_realtime_abmi_e4_registered,2,31,1963Q1,1.4416617461073145,,,,,warmup,0.3388136126576049,,
ons_realtime_abmi_e4_registered,2,32,1963Q2,15.145499641713656,,,,,warmup,0.41801494171671,,
ons_realtime_abmi_e4_registered,2,33,1963Q3,-0.5984419733636059,,,,,warmup,0.40650324351643646,,
ons_realtime_abmi_e4_registered,2,34,1963Q4,8.912529038117611,,,,,warmup,0.24034282678089736,,
ons_realtime_abmi_e4_registered,2,35,1964Q1,3.732398291617045,,,,,warmup,0.275888839690611,,
ons_realtime_abmi_e4_registered,2,36,1964Q2,6.353295664806069,,,,,warmup,0.21235427616890362,,
ons_realtime_abmi_e4_registered,2,37,1964Q3,-2.0388969886219854,,,,,warmup,0.17747697229103954,,
ons_realtime_abmi_e4_registered,2,38,1964Q4,10.262731985526585,,,,,warmup,0.20630340855350857,,
ons_realtime_abmi_e4_registered,2,39,1965Q1,-2.0110169244240694,3.590617877179198,-0.24592905208001467,-0.02020131277609948,0.1421313222906882,ok,0.38114701684784846,,-0.28564615581159764
ons_realtime_abmi_e4_registered,2,40,1965Q2,-0.32242852151043166,3.548880377415598,-0.2265025183508357,-0.051799664035210025,0.2275953954613538,ok,0.2104406910349561,,-0.2190070342559614
ons_realtime_abmi_e4_registered,2,41,1965Q3,3.2058409594938553,3.534511737898727,-0.22645698093469122,-0.029688987648914793,0.17230492636287215,ok,0.2726476629239339,,-0.2128244481087611
ons_realtime_abmi_e4_registered,2,42,1965Q4,5.060361433079663,3.6782236401926194,-0.23134204809956171,-0.041458908266627015,0.20361460720347893,ok,0.17805048801123563,,-0.2181759028711613
ons_realtime_abmi_e4_registered,2,43,1966Q1,-0.5381679559221197,3.823704288365922,-0.24583846153278946,-0.05683167837413554,0.2383939562449844,ok,0.18086267714046894,,-0.22585380542182834
ons_realtime_abmi_e4_registered,2,44,1966Q2,2.9042257114056724,3.7388547586789738,-0.23671691222831398,-0.05511229670908244,0.23476008329586706,ok,0.24842702789262802,,-0.23051731907493764
ons_realtime_abmi_e4_registered,2,45,1966Q3,0.45418118692097664,3.4954791366645184,-0.24074575439785129,-0.02757721337838813,0.16606388342559056,ok,0.14573555762667023,,-0.2224319496166561
ons_realtime_abmi_e4_registered,2,46,1966Q4,4.507071240092131,3.5451951765534533,-0.2305636363249608,-0.018045544050078147,0.13433370407339384,ok,0.2131764769639921,,-0.236580046046711
ons_realtime_abmi_e4_registered,2,47,1967Q1,6.624597058256398,3.8826428380125844,-0.2518254474957857,-0.0011129352539616607,0.24732556799285538,ok,0.22288740704523097,0.22476321170872107,-0.2162824293280692
ons_realtime_abmi_e4_registered,2,48,1967Q2,-0.8904129959432794,4.062491986957668,-0.2905597458154464,-0.026113031702393957,0.16159527128723153,ok,0.2722825839628509,0.25553574994398054,-0.2584936625814381
ons_realtime_abmi_e4_registered,2,49,1967Q3,3.3950121200106764,3.9929588858823393,-0.28564336380084393,-0.02140912101296985,0.14631856004270222,ok,0.3655003488825001,0.21856221696078984,-0.28027316719294887
ons_realtime_abmi_e4_registered,2,50,1967Q4,-4.228725702623848,3.984532111659265,-0.2651903276331436,0.0062078063563838414,0.2868329147854165,ok,0.35621034363298704,0.16853044447219262,-0.26774493691657986
ons_realtime_abmi_e4_registered,2,51,1968Q1,16.565540671336265,4.3859751039003,-0.3138688258958976,-0.007090663635236296,0.2893645693779743,ok,0.4061686270680599,0.2262901078051631,-0.29766338533890213
ons_realtime_abmi_e4_registered,2,52,1968Q2,-6.070033990631174,4.535959154724187,-0.37055468470629654,-0.01714401342114196,0.3163638792984187,ok,0.5872049349523984,0.20063836917971112,-0.34980718745024064
ons_realtime_abmi_e4_registered,2,53,1968Q3,9.607565221541847,4.585802445310769,-0.39330532811950836,0.0407010285516406,0.4783853367007511,ok,0.5945261673800211,0.4288040191897843,-0.3773461646468395
ons_realtime_abmi_e4_registered,2,54,1968Q4,4.880965256229786,4.538423407959302,-0.36568041425432657,0.029892211451447756,0.4344803326909369,ok,0.47900950426446687,0.36570953558046204,-0.3833560466158101
ons_realtime_abmi_e4_registered,2,55,1969Q1,-8.162096243848538,4.597385939421589,-0.4396202986315729,-0.05013637860764601,0.22391154192592666,ok,0.34095654369834344,0.2170696374699019,-0.34991284157429453
ons_realtime_abmi_e4_registered,2,56,1969Q2,4.587320292021957,4.5523785938204675,-0.471766201808142,-0.10707098466157547,0.32721702990763707,ok,0.36321521319705885,0.252148555254585,-0.38915429877973146
ons_realtime_abmi_e4_registered,2,57,1969Q3,4.3825108977017635,4.813717274231136,-0.5408166031346563,-0.17647468289727294,0.42008889880270933,ok,0.43879929937924694,0.2684100239509622,-0.42665470629946506
ons_realtime_abmi_e4_registered,2,58,1969Q4,3.4693380804583285,4.706434224501073,-0.4900757705008247,-0.10683988562592715,0.32686371108755274,ok,0.4013487965213468,0.2653651864446718,-0.45955924445013313
ons_realtime_abmi_e4_registered,2,59,1970Q1,-5.246056834291579,4.645116767932897,-0.5117163276964612,-0.1253255291819205,0.35401345904064224,ok,0.4226087947022185,0.2719390040614385,-0.4198856410376949
ons_realtime_abmi_e4_registered,2,60,1970Q2,9.093922099283702,4.6250093777786665,-0.5293260218480879,-0.1069221416286591,0.3269895130255083,ok,0.40396697419707595,0.32144021593719585,-0.4544799510911173
ons_realtime_abmi_e4_registered,2,61,1970Q3,1.8802711309341191,4.687731665281502,-0.5534833359704118,-0.1517531569334396,0.38955507560990604,ok,0.4537470620603711,0.30258056561722585,-0.47136922675408294
ons_realtime_abmi_e4_registered,2,62,1970Q4,4.591504548525904,4.6959203060086665,-0.5553453230621296,-0.14154834447032288,0.3762291116730906,ok,0.36130432507144705,0.2620133702687731,-0.4821580128371539
ons_realtime_abmi_e4_registered,2,63,1971Q1,-7.276882973422261,4.528404368925717,-0.5696145249379938,-0.13015190119422362,0.36076571510361627,ok,0.4023169251297172,0.2505902693816024,-0.45931540496507517
ons_realtime_abmi_e4_registered,2,64,1971Q2,9.761436148423996,4.956513915064502,-0.6097649114595467,-0.16151041853002793,0.40188358828151705,ok,0.524336209548302,0.3587817872304537,-0.5023023672063985
ons_realtime_abmi_e4_registered,2,65,1971Q3,8.260291796795372,5.71584730100728,-0.6500825780601955,-0.26092084244830965,0.5108041135781012,ok,0.5975240227792629,0.4844974737566971,-0.47182303026219485
ons_realtime_abmi_e4_registered,2,66,1971Q4,0.2816193226713892,5.492190110704733,-0.6136762645200086,-0.21817960215210616,0.4670969943728028,ok,0.5993278907601401,0.40982302324633824,-0.5092725651355213
ons_realtime_abmi_e4_registered,2,67,1972Q1,-4.303321673542371,5.403540696820711,-0.6079548939214712,-0.25109359160344924,0.50109239826947,ok,0.6281980976831314,0.4457486202148263,-0.4646371169833396
ons_realtime_abmi_e4_registered,2,68,1972Q2,7.08584201877045,5.410563102164233,-0.6046237756773978,-0.23087790642181422,0.4804975613068335,ok,0.6281180166784446,0.42844957623411545,-0.47706726097558483
ons_realtime_abmi_e4_registered,2,69,1972Q3,-1.3086941174414335,5.507125129677045,-0.6273703712409422,-0.23443439702277183,0.4841842593711322,ok,0.6131298957822539,0.4435496555894806,-0.49745692373771394
ons_realtime_abmi_e4_registered,2,70,1972Q4,10.474287140499428,5.156313515014187,-0.6067949006286415,-0.1797902033598257,0.4240167489142684,ok,0.5687057592135552,0.4326413540846524,-0.5071903426446044
ons_realtime_abmi_e4_registered,2,71,1973Q1,23.906927385093724,5.46107038894634,-0.49444837205250747,-0.20178421962011095,0.4492039844214552,ok,0.5807687718444466,0.4326636691303084,-0.2812913512746735
ons_realtime_abmi_e4_registered,2,72,1973Q2,-2.080224823128418,5.06372407003371,-0.3912745802690537,-0.18615589767159302,0.4314578747358692,ok,0.4605681885253349,0.38698983301120315,-0.3432147784926662
ons_realtime_abmi_e4_registered,2,73,1973Q3,0.8860763117034764,5.032316403005174,-0.3983006401006148,-0.19027500188493093,0.43620522908939424,ok,0.4592008744855955,0.42697850131125076,-0.32395064506850546
ons_realtime_abmi_e4_registered,2,74,1973Q4,-5.298090700008373,4.494497160617342,-0.37710462678369955,-0.16496179034575414,0.40615488467548205,ok,0.4012388018394398,0.3594342225438118,-0.3074409362599507
ons_realtime_abmi_e4_registered,2,75,1974Q1,-4.909552958809371,3.947723940793181,-0.3008162796282516,-0.12318587154376598,0.3509784488309303,ok,0.3603409288750287,0.30890926471223223,-0.2615604695789652
ons_realtime_abmi_e4_registered,2,76,1974Q2,4.514296009651986,3.6649113716762303,-0.27513488708288003,-0.12279088048624846,0.350415297163592,ok,0.34345400655797514,0.2770275548770365,-0.2610465574964098
ons_realtime_abmi_e4_registered,2,77,1974Q3,6.298758292299311,3.85367294824749,-0.26162308711870774,-0.1432562238548587,0.3784920393546722,ok,0.357233830573661,0.31131257220412567,-0.2371518407285336
ons_realtime_abmi_e4_registered,2,78,1974Q4,-4.61894620195622,3.8313844744776238,-0.2840696024887057,-0.14037787282311326,0.37467035220726136,ok,0.3661480890156342,0.28933751073723896,-0.2322958513364606
ons_realtime_abmi_e4_registered,2,79,1975Q1,-2.0487146981402304,3.659426749213817,-0.26072746640370564,-0.15121470087040823,0.3888633447246066,ok,0.3767516806085012,0.29610417199783345,-0.22061843499167957
ons_realtime_abmi_e4_registered,2,80,1975Q2,-0.9800448064829936,3.2954245985474118,-0.23780062892600784,-0.11622973605808691,0.34092482464333235,ok,0.3557456930762046,0.3196157209765748,-0.20956232797944535
ons_realtime_abmi_e4_registered,2,81,1975Q3,-5.806087505045809,2.947114672517408,-0.2079992526137067,-0.082807263520988,0.28776251236216993,ok,0.2985154242717579,0.26194603785819787,-0.186981053473717
ons_realtime_abmi_e4_registered,2,82,1975Q4,8.627252506263972,3.137933350411306,-0.23037826321024163,-0.09626858293040459,0.3102717888084648,ok,0.35310465822879583,0.31560839472035995,-0.20795222588243092
ons_realtime_abmi_e4_registered,2,83,1976Q1,9.855357594064884,3.4366801525197124,-0.20879667253722595,-0.13268116825605922,0.3642542631954487,ok,0.4885541990790033,0.3555132719707884,-0.17639599195607703
ons_realtime_abmi_e4_registered,2,84,1976Q2,-3.8574514512426106,3.3772489474376406,-0.22625849817241198,-0.1506362272986931,0.38811883141467524,ok,0.5025373368851791,0.39368270996203786,-0.19709794980890408
ons_realtime_abmi_e4_registered,2,85,1976Q3,4.625534723253111,3.3056042110648436,-0.23527236272579158,-0.1399111217198429,0.37404695122383086,ok,0.43532773964231686,0.3920198400888928,-0.2022336712204872
ons_realtime_abmi_e4_registered,2,86,1976Q4,7.839814570112225,3.5050244876583694,-0.22722122064689793,-0.15309859814404947,0.39127815955410733,ok,0.45789063816813336,0.3989487694711072,-0.19781037029150164
ons_realtime_abmi_e4_registered,2,87,1977Q1,-6.871435290136674,3.378643441788426,-0.25110547254150273,-0.16899156568333193,0.41108583736651877,ok,0.47600975945059415,0.41839382459435076,-0.20905797975272158
ons_realtime_abmi_e4_registered,2,88,1977Q2,-0.2949261201429465,3.4621186646866846,-0.23239252249980402,-0.1892121659144349,0.43498524792736926,ok,0.48624015126618536,0.4230366983890864,-0.1956719871481251
ons_realtime_abmi_e4_registered,2,89,1977Q3,3.432479961078627,2.952149771551862,-0.1843799930772675,-0.18034730228085555,0.4246731711338209,ok,0.46804809578956136,0.41410026772318165,-0.19349727212202306
ons_realtime_abmi_e4_registered,2,90,1977Q4,9.653560534572136,3.2599749869596155,-0.12601923808872992,-0.2053472275436524,0.4531525433489835,ok,0.4840720082166363,0.42490063016870927,-0.14001692157739606
ons_realtime_abmi_e4_registered,2,91,1978Q1,0.44559324202211315,3.0661664127468047,-0.09129238511137505,-0.2786879929810167,0.527909076433638,ok,0.4968254956339044,0.4293052838163081,-0.0970699198552294
ons_realtime_abmi_e4_registered,2,92,1978Q2,3.1003656816707803,3.0864087128446966,-0.09768147982716859,-0.26242666030348094,0.5122759610829704,ok,0.5023911547349709,0.42345795466049146,-0.06621602470522889
ons_realtime_abmi_e4_registered,2,93,1978Q3,1.788448678883725,3.156992999442233,-0.08163507629369818,-0.22345962011245102,0.4727151574811739,ok,0.5040539925236467,0.41816662287915435,-0.08017998123318452
ons_realtime_abmi_e4_registered,2,94,1978Q4,5.473922081588256,3.1643178866077206,-0.0702327734402807,-0.2240368427428523,0.47332530329874856,ok,0.5143637332787411,0.4138028606321384,-0.06454393707709663
ons_realtime_abmi_e4_registered,2,95,1979Q1,-8.137209562323022,2.9407798507593697,-0.09009603080363433,-0.2224412420991667,0.471636769240023,ok,0.4836263264763103,0.41567708706645756,-0.0701126580170488
ons_realtime_abmi_e4_registered,2,96,1979Q2,21.37800536315737,3.5844796966335455,-0.2094204880702822,-0.19777767825778717,0.4447220235807837,ok,0.43304864394829673,0.4197435984108091,-0.15849079855742418
ons_realtime_abmi_e4_registered,2,97,1979Q3,-10.471139079823644,3.58820008125905,-0.30112245415982275,-0.1358399970030488,0.3685647799275574,ok,0.2937907123978048,0.3829447807731676,-0.26074226433658265
ons_realtime_abmi_e4_registered,2,98,1979Q4,2.9381211698705556,3.409652294388292,-0.28068223844843126,-0.14036349459907613,0.37465116388325304,ok,0.30602391617610547,0.3990187864295961,-0.2604241516921949
ons_realtime_abmi_e4_registered,2,99,1980Q1,-5.449438201779344,2.968785370773629,-0.2688916118893124,-0.07810033622936059,0.27946437381061756,ok,0.19601026605661198,0.3744652087805154,-0.2387018296883693
ons_realtime_abmi_e4_registered,2,100,1980Q2,-6.945156503736882,2.5221306615435246,-0.22938628483478196,-0.08075039630585404,0.2841661420821524,ok,0.2226328471570489,0.34894688515878125,-0.20246933195561023
ons_realtime_abmi_e4_registered,2,101,1980Q3,4.48661813925213,2.7222913624654206,-0.21805860657361598,-0.0791976471587075,0.28142076532961724,ok,0.16932697914481423,0.2963268547764628,-0.21206413839867444
ons_realtime_abmi_e4_registered,2,102,1980Q4,-6.58442944733082,2.225812162208494,-0.19510770596351934,-0.046384938484332554,0.21537162878228078,ok,0.20499766280612639,0.23717459829702217,-0.20420061131767278
ons_realtime_abmi_e4_registered,2,103,1981Q1,0.9757073734760979,1.9277636466421293,-0.20944033570063755,-0.01781805647396754,0.13348429298598222,ok,0.20512824382158346,0.21366986609224872,-0.17623374498125785
ons_realtime_abmi_e4_registered,2,104,1981Q2,-1.4045762729459454,1.810608038171565,-0.2068434012391354,-0.005615743786047875,0.17469795454046066,ok,0.20452143713606,0.18612051995860196,-0.20444398466863037
ons_realtime_abmi_e4_registered,2,105,1981Q3,0.0648585274795721,1.8784317881455386,-0.2032628071240219,0.01502290954247838,0.2608540518645144,ok,0.23519666674006784,0.1565756938411339,-0.20270352599380723
ons_realtime_abmi_e4_registered,2,106,1981Q4,1.1208884765679272,1.7131354270134793,-0.1889987527605224,0.021447821316264593,0.26879209984433144,ok,0.22144582603932367,0.15261757141296187,-0.20580060439052586
ons_realtime_abmi_e4_registered,2,107,1982Q1,2.7910260409726106,1.791999528008993,-0.18574643684190031,0.016570575871544403,0.25160573106851686,ok,0.3431101638379922,0.14211887978053853,-0.19356452116544928
ons_realtime_abmi_e4_registered,2,108,1982Q2,1.8187786638776515,1.6058101101563467,-0.177794877325155,-0.005108606081564466,0.14175714467010525,ok,0.37420851076310213,0.17594748541973512,-0.1886647596602228
ons_realtime_abmi_e4_registered,2,109,1982Q3,-1.0242022485194013,1.037735617331688,-0.2896440255465419,0.007787313190994311,0.3144118962412885,ok,0.42344633449606994,0.1707002538780588,-0.17684194946310933
ons_realtime_abmi_e4_registered,2,110,1982Q4,4.705359981280566,1.1349927314072927,-0.3703684438792306,-0.03237735563299644,0.22895453633629587,ok,0.38957397834150337,0.18127394752183357,-0.292285493012557
ons_realtime_abmi_e4_registered,2,111,1983Q1,8.9001244369733,1.367727036713064,-0.34463433401095256,-0.030421781404953455,0.1744184090196716,ok,0.23292126407366814,0.1156293396287869,-0.31776075119038033
ons_realtime_abmi_e4_registered,2,112,1983Q2,0.22391482293429021,1.5860100682358607,-0.3360182792455442,-0.03509795954060989,0.1873444942895571,ok,0.3186808495822562,0.11623890129110984,-0.3239239660450774
ons_realtime_abmi_e4_registered,2,113,1983Q3,3.1784225396528143,1.9057555621600817,-0.3752890508587283,-0.03840332898090076,0.19596767330583062,ok,0.4994336909839753,0.23717042878371414,-0.3249777906404071
ons_realtime_abmi_e4_registered,2,114,1983Q4,3.6827605507220085,1.955039704973148,-0.3678959066556841,-0.035211465103285385,0.1876471825082524,ok,0.508165126607949,0.23919816937681837,-0.35737412047753236
ons_realtime_abmi_e4_registered,2,115,1984Q1,2.6690718819466497,1.8164919528014591,-0.3668935137636281,-0.006166799012146796,0.3492355188601478,ok,0.5055402135452616,0.2211142163341508,-0.35117974135072755
ons_realtime_abmi_e4_registered,2,116,1984Q2,-2.1310254937489503,1.8128799903476445,-0.35140211762891993,0.0037532426885618403,0.3617765938992318,ok,0.5558879039826643,0.11455207454552926,-0.3644390620718566
ons_realtime_abmi_e4_registered,2,117,1984Q3,-0.3835764113794937,1.8799961543748946,-0.36339082428814956,0.016400091329710327,0.40398646937291505,ok,0.5634251362373973,0.2840769920204692,-0.3449895934674686
ons_realtime_abmi_e4_registered,2,118,1984Q4,5.045845140306682,2.132927394865067,-0.3884552067699315,-0.016087370864986652,0.3413227802320701,ok,0.6007489020929823,0.1720736269110999,-0.3695735885657238
ons_realtime_abmi_e4_registered,2,119,1985Q1,7.3357063035189185,2.606252034516519,-0.39896999572574515,-0.05074133748704545,0.225258379393632,ok,0.6000301220215271,0.20204004432792722,-0.3556542833653177
ons_realtime_abmi_e4_registered,2,120,1985Q2,4.525277092071178,2.4685407826461416,-0.34115433041498294,-0.008992987590465004,0.31236426511350845,ok,0.6291765135254449,0.20848369163298663,-0.3587486773430356
ons_realtime_abmi_e4_registered,2,121,1985Q3,0.6679032644044014,2.1757245711331805,-0.3796289338197016,0.036375509045005985,0.4588963148544434,ok,0.6261528172306563,0.16972331767146823,-0.33789405198556755
ons_realtime_abmi_e4_registered,2,122,1985Q4,1.8187435327597257,2.1511761923987422,-0.3520880203727913,0.06027110516284885,0.47814101229889033,ok,0.6256220505187748,0.19163960587372597,-0.3921107504225252
ons_realtime_abmi_e4_registered,2,123,1986Q1,6.1673768860750044,2.2690913786513063,-0.3518732927400314,0.05351663215690238,0.46657445480661663,ok,0.622725207567318,0.30888225504761646,-0.37040016143546817
ons_realtime_abmi_e4_registered,2,124,1986Q2,3.7448997297708786,2.0861506331099777,-0.3424591616318296,0.09151122608326638,0.5188368238786282,ok,0.6137069976697376,0.33781921458093694,-0.3584473473997566
ons_realtime_abmi_e4_registered,2,125,1986Q3,5.121100205207796,2.1666456156168685,-0.2803420943815923,0.1442967848580484,0.5450719083020228,ok,0.6197100685695264,0.40733795250701155,-0.36589029307576326
ons_realtime_abmi_e4_registered,2,126,1986Q4,4.559962283472885,2.4038010056200165,-0.30519567396879904,0.1706548743613718,0.5929851372255499,ok,0.5226619394004964,0.38428005870714593,-0.3238884890056199
ons_realtime_abmi_e4_registered,2,127,1987Q1,2.9902807556901223,2.2928342331542106,-0.2888701231411298,0.19638789302897125,0.6105352439775922,ok,0.5431391858942777,0.33693030039685007,-0.36143681003150124
ons_realtime_abmi_e4_registered,2,128,1987Q2,4.220911948087291,2.0776492608358526,-0.2896579600906726,0.21814907470238987,0.6338325671112823,ok,0.5642320104716372,0.36660886790931313,-0.3572666170232343
ons_realtime_abmi_e4_registered,2,129,1987Q3,8.535054166234346,2.1964432108079195,-0.2732113787370383,0.22944782971570254,0.6347110437701265,ok,0.4242977999968333,0.4841289090050893,-0.34146460363016284
ons_realtime_abmi_e4_registered,2,130,1987Q4,3.895139047607188,2.210115993046282,-0.24899236594423574,0.2533962003158417,0.6430475303722271,ok,0.41109757644581124,0.5077197328336955,-0.3370843331090336
ons_realtime_abmi_e4_registered,2,131,1988Q1,3.845564615298258,2.204445683608119,-0.24732933225114673,0.25687827675714847,0.6453649885378736,ok,0.5396649460500056,0.5162488095723725,-0.33310342467003445
ons_realtime_abmi_e4_registered,2,132,1988Q2,2.044447120423598,2.1285839800549944,-0.24744459293551296,0.254054446331817,0.6427229255377725,ok,0.26580390050455316,0.5578962759170238,-0.3332634948727977
ons_realtime_abmi_e4_registered,2,133,1988Q3,4.71175950413496,2.3411130765558754,-0.2157949726905719,0.26401900351848256,0.6329316481653657,ok,0.2690835794394182,0.5647475213444505,-0.3304633276686816
ons_realtime_abmi_e4_registered,2,134,1988Q4,3.3162680275054868,1.5257295764471477,-0.042600805312489866,0.2684751111465132,0.5398838754933875,ok,0.5211431562790492,0.6046165584854407,-0.3005454560819265
ons_realtime_abmi_e4_registered,2,135,1989Q1,1.1849781610528964,1.3675524378830604,0.21415484097647802,0.20458724801681927,0.5718922459781693,ok,0.5436675915535824,0.6162160190734798,-0.1337252514258382
ons_realtime_abmi_e4_registered,2,136,1989Q2,0.8942026370618805,1.347624118031061,0.19846348427829827,0.2215366577367779,0.5802552305310866,ok,0.5979558857239624,0.6333794263115892,0.17307460473722225
ons_realtime_abmi_e4_registered,2,137,1989Q3,2.1765915772306244,1.734972843269273,0.2415364983043795,0.0733660159109242,0.4173335639046226,ok,0.602621160050922,0.6331021602227298,0.24827813314191208
ons_realtime_abmi_e4_registered,2,138,1989Q4,1.6881727874640262,2.187426596089159,0.08118223103894207,0.1278951618426018,0.40051166300421365,ok,0.6008659729848866,0.6418018075497034,0.2599198296173734
ons_realtime_abmi_e4_registered,2,139,1990Q1,2.2819400798844924,1.6855753290157651,0.17909628350346435,0.1843078316817398,0.5280988245387142,ok,0.6013265110635745,0.6421646076475294,0.11988817096859038
ons_realtime_abmi_e4_registered,2,140,1990Q2,3.94245578266208,2.3604588455707702,0.27644644653217315,-0.0715422135063306,0.2674737622764719,ok,0.5972490618758549,0.6390356713190635,0.20466574605424745
ons_realtime_abmi_e4_registered,3,0,1955Q2,0.3742614674017375,,,,,warmup,,,
ons_realtime_abmi_e4_registered,3,1,1955Q3,7.847603338927911,,,,,warmup,,,
ons_realtime_abmi_e4_registered,3,2,1955Q4,-2.5213173843397385,,,,,warmup,,,
ons_realtime_abmi_e4_registered,3,3,1956Q1,2.4443233228353733,,,,,warmup,,,
ons_realtime_abmi_e4_registered,3,4,1956Q2,-1.1248958494377348,,,,,warmup,,,
ons_realtime_abmi_e4_registered,3,5,1956Q3,-0.9094840324806341,,,,,warmup,,,
ons_realtime_abmi_e4_registered,3,6,1956Q4,1.757985011412444,,,,,warmup,,,
ons_realtime_abmi_e4_registered,3,7,1957Q1,7.547690248791383,,,,,warmup,,,
ons_realtime_abmi_e4_registered,3,8,1957Q2,-0.19575566524991928,,,,,warmup,,,
ons_realtime_abmi_e4_registered,3,9,1957Q3,-2.849275727288614,,,,,warmup,,,
ons_realtime_abmi_e4_registered,3,10,1957Q4,0.08066594244056091,,,,,warmup,,,
ons_realtime_abmi_e4_registered,3,11,1958Q1,6.339389625286884,,,,,warmup,,,
ons_realtime_abmi_e4_registered,3,12,1958Q2,-10.48329084005033,,,,,warmup,,,
ons_realtime_abmi_e4_registered,3,13,1958Q3,8.258618059256406,,,,,warmup,,,
ons_realtime_abmi_e4_registered,3,14,1958Q4,0.25272259548785314,,,,,warmup,,,
ons_realtime_abmi_e4_registered,3,15,1959Q1,3.86399723002242,,,,,warmup,,,
ons_realtime_abmi_e4_registered,3,16,1959Q2,6.461866557307161,,,,,warmup,,,
ons_realtime_abmi_e4_registered,3,17,1959Q3,7.907838495744102,,,,,warmup,,,
ons_realtime_abmi_e4_registered,3,18,1959Q4,9.184931352205439,,,,,warmup,,,
ons_realtime_abmi_e4_registered,3,19,1960Q1,8.504990911481514,,,,,warmup,,,
ons_realtime_abmi_e4_registered,3,20,1960Q2,-4.440823359725954,,,,,warmup,,,
ons_realtime_abmi_e4_registered,3,21,1960Q3,5.464571421145337,,,,,warmup,,,
ons_realtime_abmi_e4_registered,3,22,1960Q4,1.9270734122208921,,,,,warmup,,,
ons_realtime_abmi_e4_registered,3,23,1961Q1,6.3045585751630995,,,,,warmup,,,
ons_realtime_abmi_e4_registered,3,24,1961Q2,1.4936891282836484,,,,,warmup,,,
ons_realtime_abmi_e4_registered,3,25,1961Q3,-2.2109009127127877,,,,,warmup,,,
ons_realtime_abmi_e4_registered,3,26,1961Q4,-0.9529864736457228,,,,,warmup,,,
ons_realtime_abmi_e4_registered,3,27,1962Q1,2.010522774053669,,,,,warmup,,,
ons_realtime_abmi_e4_registered,3,28,1962Q2,3.849968704784601,,,,,warmup,,,
ons_realtime_abmi_e4_registered,3,29,1962Q3,2.293098194198251,,,,,warmup,,,
ons_realtime_abmi_e4_registered,3,30,1962Q4,-1.7919480283154599,,,,,warmup,,,
ons_realtime_abmi_e4_registered,3,31,1963Q1,0.49661516264905003,,,,,warmup,0.41141727187333027,,
ons_realtime_abmi_e4_registered,3,32,1963Q2,16.38194211451065,,,,,warmup,0.19242989348222989,,
ons_realtime_abmi_e4_registered,3,33,1963Q3,1.7218011894200913,,,,,warmup,0.20936773270467812,,
ons_realtime_abmi_e4_registered,3,34,1963Q4,9.01478852986699,,,,,warmup,0.3886163189899355,,
ons_realtime_abmi_e4_registered,3,35,1964Q1,2.7585061333141425,,,,,warmup,0.3927300074085587,,
ons_realtime_abmi_e4_registered,3,36,1964Q2,6.421780843783864,,,,,warmup,0.4157374842081861,,
ons_realtime_abmi_e4_registered,3,37,1964Q3,1.186685414518962,,,,,warmup,0.4466506998619275,,
ons_realtime_abmi_e4_registered,3,38,1964Q4,6.133567683054508,,,,,warmup,0.4503492832106759,,
ons_realtime_abmi_e4_registered,3,39,1965Q1,-1.2775638893081975,2.6505339410184208,-0.14624871780065296,0.15989086171483952,0.4796191726180703,ok,0.5274483567034286,,-0.18330120919432105
ons_realtime_abmi_e4_registered,3,40,1965Q2,0.9199765282922101,2.637570877695875,-0.11196744751466242,0.14364172146719498,0.43909715186046117,ok,0.4972261262307141,,-0.16236066258782816
ons_realtime_abmi_e4_registered,3,41,1965Q3,3.8395715284060827,2.7520352576605935,-0.12494238153148517,0.1446363118908021,0.4478787173742559,ok,0.5181381947926993,,-0.13878205888880313
ons_realtime_abmi_e4_registered,3,42,1965Q4,2.8763779976827664,2.9185462414067787,-0.12878231817695412,0.12323265942721212,0.42129293940901524,ok,0.43605746063698864,,-0.14505118654614324
ons_realtime_abmi_e4_registered,3,43,1966Q1,1.0299030468473802,3.0615932193662365,-0.15033127401086435,0.11588817517192862,0.42378871162666404,ok,0.3931960888351647,,-0.1461286656645979
ons_realtime_abmi_e4_registered,3,44,1966Q2,2.53416080821367,3.1152241958567632,-0.1560290105227352,0.108667331858062,0.41676750508459864,ok,0.35067985929622497,,-0.16601845612467211
ons_realtime_abmi_e4_registered,3,45,1966Q3,1.6306363463350237,2.839403380844501,-0.14356386699219098,0.13603707757554595,0.4475341438049423,ok,0.363397739711275,,-0.1734061410932857
ons_realtime_abmi_e4_registered,3,46,1966Q4,-1.616963236214275,2.713025047762342,-0.12356114820285326,0.13857979238571844,0.43913535639790197,ok,0.39798350301408636,,-0.1568232489793729
ons_realtime_abmi_e4_registered,3,47,1967Q1,5.347786719528358,2.945788123119664,-0.1550674483898356,0.16963413520870993,0.4966346829104086,ok,0.4070215600831826,0.4515615300089101,-0.15630574346129825
ons_realtime_abmi_e4_registered,3,48,1967Q2,4.85094175496954,3.2630633461533525,-0.17623647851315183,0.1377286821721594,0.46955434958416215,ok,0.3342545173010508,0.40713833940880495,-0.172203965927436
ons_realtime_abmi_e4_registered,3,49,1967Q3,0.7191013172686667,3.005964919012138,-0.16383209348163028,0.15875789046392175,0.4886937860255075,ok,0.1687916265467122,0.415781992484393,-0.20488239671905342
ons_realtime_abmi_e4_registered,3,50,1967Q4,0.6580424724944578,3.233370887248528,-0.1100032849401437,0.11441809011676131,0.397701614444344,ok,0.3469978679389447,0.3774463761190495,-0.18679741722211685
ons_realtime_abmi_e4_registered,3,51,1968Q1,12.491361668751466,3.4202059576702672,-0.08442424022306659,0.0774688916038502,0.3237272257242885,ok,0.22487443030305931,0.35627723454854626,-0.1457603410753703
ons_realtime_abmi_e4_registered,3,52,1968Q2,-2.955929119303846,3.6060789379581353,-0.14825332499775945,0.05656722690766174,0.32324910026971676,ok,0.2924534329991611,0.3779818071843239,-0.16082537546515924
ons_realtime_abmi_e4_registered,3,53,1968Q3,7.424069197437433,3.6274020668710096,-0.16806075159946698,0.09174486880881039,0.3983645496750136,ok,0.3924235065418614,0.451119730401807,-0.17728229681453112
ons_realtime_abmi_e4_registered,3,54,1968Q4,1.4075291839006354,3.4572778683494776,-0.1706800267793337,0.112858323217046,0.4319539789224978,ok,0.3904626739659073,0.4439487159138744,-0.18751501400265086
ons_realtime_abmi_e4_registered,3,55,1969Q1,0.1997661509243187,3.3813159653014235,-0.18960826888037816,0.08371537503808667,0.3992761347046471,ok,0.4058358175197281,0.47160608454961894,-0.17932520448578324
ons_realtime_abmi_e4_registered,3,56,1969Q2,3.1481680534213297,3.498953908394922,-0.24493828710352533,0.04213789917826237,0.36150175701813597,ok,0.3961457510324352,0.46310085659819406,-0.2035052361118099
ons_realtime_abmi_e4_registered,3,57,1969Q3,2.3144837007556873,3.765130489508953,-0.3310183130451751,-0.026996683100315135,0.18542391970228037,ok,0.3561535914012509,0.4870609363907934,-0.2538303319054476
ons_realtime_abmi_e4_registered,3,58,1969Q4,1.9590144282361166,3.4608805083007694,-0.25699663432617154,0.046597722138746404,0.37971443856553755,ok,0.3634435939220836,0.42073723782404415,-0.32272641133418645
ons_realtime_abmi_e4_registered,3,59,1970Q1,-3.4722630167983937,3.209516962083151,-0.23856777856129427,0.05162588118178887,0.37590525905274264,ok,0.3856826257274769,0.402602217652297,-0.24813132289668133
ons_realtime_abmi_e4_registered,3,60,1970Q2,8.865867100929847,3.5249443872164883,-0.29286817735867293,0.03324549592978661,0.3802896814222392,ok,0.3918186119745743,0.3849846243656334,-0.28328478848770006
ons_realtime_abmi_e4_registered,3,61,1970Q3,3.2594584881991295,3.5469399325983266,-0.2747903966109368,-0.001426311974018909,0.2694979179723249,ok,0.26922020931432566,0.3597949982708134,-0.2789573706414628
ons_realtime_abmi_e4_registered,3,62,1970Q4,2.4620880186404293,3.5526268815769586,-0.27362427359157104,-0.0032500073932896483,0.2611807557530574,ok,0.505695404158027,0.37048901685133995,-0.274494380602827
ons_realtime_abmi_e4_registered,3,63,1971Q1,-4.688243388439162,3.4286254412878785,-0.27417291961378365,0.02102491069322296,0.33662995921393724,ok,0.557801102447402,0.3664070680596638,-0.2472835077545996
ons_realtime_abmi_e4_registered,3,64,1971Q2,5.27798427395112,3.781655308437029,-0.3248287015185082,-0.003928768779316019,0.3122464319476097,ok,0.3294452486148158,0.31412661033982114,-0.2824743500031025
ons_realtime_abmi_e4_registered,3,65,1971Q3,5.990026265427417,4.178897184978684,-0.3447075929684666,-0.07083007692236255,0.2661392059099195,ok,0.4408746484985814,0.294473525908862,-0.30466424620432925
ons_realtime_abmi_e4_registered,3,66,1971Q4,0.2708303210198437,4.1759089464056185,-0.3530743704564293,-0.07722574745217615,0.27789520948043733,ok,0.5489070527448348,0.19461208643021988,-0.3258566396777915
ons_realtime_abmi_e4_registered,3,67,1972Q1,-0.10414380830923164,4.09873239610812,-0.34225092258214374,-0.09141158417301362,0.30234348706895214,ok,0.5728025263094386,0.23415773505048848,-0.3087681268404396
ons_realtime_abmi_e4_registered,3,68,1972Q2,9.902303307424631,4.566289409847167,-0.3804491900723273,-0.11963699107867588,0.3458858064140185,ok,0.6541713601327999,0.2982509455289132,-0.3163852818746664
ons_realtime_abmi_e4_registered,3,69,1972Q3,0.910554410224762,4.848851221458272,-0.41703742562941304,-0.1362894717128456,0.3691740398685227,ok,0.6501950876791472,0.32008946528581705,-0.33922857251431837
ons_realtime_abmi_e4_registered,3,70,1972Q4,6.803749628851108,3.8870231146442937,-0.3281184576498549,0.015207819104266763,0.36929872226343863,ok,0.5386259197191169,0.2514568984571663,-0.3738437666633973
ons_realtime_abmi_e4_registered,3,71,1973Q1,20.228171240941606,4.281733448887855,-0.28731327483800595,-0.01934379020868737,0.1796210540811361,ok,0.5471308331114644,0.23973022403096372,-0.16542138407001852
ons_realtime_abmi_e4_registered,3,72,1973Q2,1.5293905805542352,4.317398408938487,-0.2282599771994846,-0.12196327721842867,0.34923241146610184,ok,0.44531650738718886,0.23174743658286434,-0.21634242012464988
ons_realtime_abmi_e4_registered,3,73,1973Q3,-3.2576535120540484,4.567577224647786,-0.2449832453236238,-0.22254425424909977,0.4717459636807715,ok,0.5286089698722504,0.4130093473625222,-0.18289858624510705
ons_realtime_abmi_e4_registered,3,74,1973Q4,-0.7702175930447197,4.205389672562445,-0.2016404189509503,-0.2354326570017148,0.48521403215665027,ok,0.5064476286176447,0.39273935678419336,-0.15593289806408708
ons_realtime_abmi_e4_registered,3,75,1974Q1,-10.066356326209558,3.178902940709686,-0.11001950730829022,-0.10534151331584503,0.3245635736120815,ok,0.3461976997699654,0.22724314783641256,-0.08290379027129147
ons_realtime_abmi_e4_registered,3,76,1974Q2,7.491855948683224,3.3525786637347705,-0.14742172198893638,-0.13882745883640243,0.37259557007082417,ok,0.37613884992691454,0.2495303223920235,-0.1378820679817802
ons_realtime_abmi_e4_registered,3,77,1974Q3,4.015747390386792,3.441205195097221,-0.1339755677730666,-0.1466394487426321,0.3829353062106341,ok,0.3712713301302474,0.2722325607609887,-0.12616418220435222
ons_realtime_abmi_e4_registered,3,78,1974Q4,-4.927072087026829,3.439134768516716,-0.1534719723923917,-0.17561581360880305,0.41906540492959216,ok,0.4062722938208529,0.2198015937618899,-0.11741837615581369
ons_realtime_abmi_e4_registered,3,79,1975Q1,1.0730599259410667,3.3195278692633523,-0.13545519829854247,-0.17510624673813086,0.41845698313940327,ok,0.40264412094116736,0.2174010537692225,-0.11486582497844494
ons_realtime_abmi_e4_registered,3,80,1975Q2,-6.495896412529589,2.7755809488119683,-0.11238661265166029,-0.09607476242401888,0.3099592915594222,ok,0.2768174780154415,0.24785881289184783,-0.09371604372720842
ons_realtime_abmi_e4_registered,3,81,1975Q3,-0.6049308583925495,2.5983802071616804,-0.07946015836195434,-0.0858820813181645,0.29305644732400016,ok,0.21693579479450445,0.2276540015041467,-0.07150410356208775
ons_realtime_abmi_e4_registered,3,82,1975Q4,5.642850553527978,2.7159350634563744,-0.08668391238562331,-0.1056361315701814,0.3250171250414067,ok,0.2784339001645225,0.3137129169463606,-0.07862266401889201
ons_realtime_abmi_e4_registered,3,83,1976Q1,6.485618313067931,2.842192307855478,-0.07492907489830662,-0.11598964069079347,0.3405725189894121,ok,0.3890246658073604,0.32767827499753005,-0.06500552003690882
ons_realtime_abmi_e4_registered,3,84,1976Q2,-3.1546397695684902,2.905193920919819,-0.09581238598399472,-0.13084226211935263,0.361721249195223,ok,0.42062003968929734,0.37009992988781176,-0.08240632196923527
ons_realtime_abmi_e4_registered,3,85,1976Q3,3.8496031512217144,2.856315277532887,-0.09370322639905067,-0.12368526662725067,0.3516891619416934,ok,0.4000191427113849,0.36614691130457744,-0.09180482978472693
ons_realtime_abmi_e4_registered,3,86,1976Q4,8.302298341150305,2.981724484842508,-0.09408448791057547,-0.14153842754626367,0.37621593207394033,ok,0.4328569361290726,0.3925281597270984,-0.07308130883995856
ons_realtime_abmi_e4_registered,3,87,1977Q1,0.6134686634574393,2.986372276271449,-0.09700645468597513,-0.14041391028609473,0.3747184413477601,ok,0.4363311798110787,0.39182991769122266,-0.08853763173484627
ons_realtime_abmi_e4_registered,3,88,1977Q2,-1.896328098656852,2.962309031111558,-0.09495927942280004,-0.1551027452087192,0.3938308586293349,ok,0.45580101705329223,0.4118612944175998,-0.07780292633816237
ons_realtime_abmi_e4_registered,3,89,1977Q3,3.086204481057564,2.636750743699368,-0.0802032610650273,-0.14004985255634672,0.3742323510285378,ok,0.45648657443446716,0.4105867326407148,-0.08296832866636966
ons_realtime_abmi_e4_registered,3,90,1977Q4,5.520288016032993,2.769395292365324,-0.03619720566048936,-0.1534775784099645,0.3917621451977775,ok,0.4651240900828059,0.4209105996071389,-0.06568613074051341
ons_realtime_abmi_e4_registered,3,91,1978Q1,1.897433473556731,2.65293098522681,-0.00675490196581392,-0.21396333772610593,0.46256171234345145,ok,0.46809852764674226,0.42212062142785706,-0.025626423553695238
ons_realtime_abmi_e4_registered,3,92,1978Q2,3.732210725733154,2.7475876789352967,0.0016758705593005964,-0.21617955835393088,0.46495113544751226,ok,0.4719728005594529,0.4162492887547996,-0.0018454551177904965
ons_realtime_abmi_e4_registered,3,93,1978Q3,4.235486595315052,2.808889295747186,0.003570968300177404,-0.21201697514768808,0.4604530107922936,ok,0.4647842624006584,0.4144213925596462,0.004752005867019944
ons_realtime_abmi_e4_registered,3,94,1978Q4,2.9096915532896617,2.8046179703995344,0.006421380505785734,-0.21029109999610993,0.4585750756376865,ok,0.46556133777206365,0.40583917016210175,0.004120717636830779
ons_realtime_abmi_e4_registered,3,95,1979Q1,-3.444930857816786,2.705881596705825,0.0039771909428376025,-0.22079336809226557,0.46988654810737623,ok,0.4603217108944833,0.41261596064651984,0.0025839188039815265
ons_realtime_abmi_e4_registered,3,96,1979Q2,16.743150869516654,3.2421012510034326,-0.07202710092419844,-0.21272901244388173,0.46122555484695527,ok,0.4423609068471908,0.40899410454028484,-0.061166433125561664
ons_realtime_abmi_e4_registered,3,97,1979Q3,-9.57341814499486,3.3044640582633455,-0.2064071596652689,-0.15798912312817467,0.39747845618118055,ok,0.33900803054536977,0.3424864498257254,-0.1745157028349672
ons_realtime_abmi_e4_registered,3,98,1979Q4,4.100310309969757,3.1216994412509957,-0.19348371493445718,-0.1369595160021052,0.3700804182905456,ok,0.2919406721822321,0.33484112478094963,-0.1906245900924865
ons_realtime_abmi_e4_registered,3,99,1980Q1,-3.8859453609852324,2.730071564346428,-0.19801054557550782,-0.06776159538324193,0.2603105748586521,ok,0.14889352187274194,0.2940569563033594,-0.17143747142827556
ons_realtime_abmi_e4_registered,3,100,1980Q2,-7.2724246716319385,2.363862002831363,-0.1559075344521096,-0.07844495574422773,0.2800802666098198,ok,0.24566508109611815,0.30153370055749606,-0.13309916230411628
ons_realtime_abmi_e4_registered,3,101,1980Q3,-0.8103365095188053,2.283403630737412,-0.12101751574068266,-0.04854121477212953,0.22032070890438224,ok,0.176015901776425,0.24695993572782787,-0.11663034554913095
ons_realtime_abmi_e4_registered,3,102,1980Q4,-4.580305208699542,1.8751103380767975,-0.08987519178483543,-0.0011699680502895893,0.0740823977325512,ok,0.13911092743019363,0.1202435384317317,-0.09936012742345156
ons_realtime_abmi_e4_registered,3,103,1981Q1,-3.0414667017126362,1.5264870589112072,-0.07552521058559716,0.031235572677571464,0.21848777519470008,ok,0.3821499472440366,0.07774577333805434,-0.06632199835039863
ons_realtime_abmi_e4_registered,3,104,1981Q2,0.5050685589246484,1.4998653514672369,-0.0686153636204453,0.03881010374809383,0.23427548116623223,ok,0.392112297086328,0.1292194292374192,-0.07422774141020591
ons_realtime_abmi_e4_registered,3,105,1981Q3,5.0900401670091355,1.661464065774847,-0.07294186348403438,0.0326968833949713,0.22093505361156174,ok,0.2608733567473763,0.05283452566082128,-0.07331077466560162
ons_realtime_abmi_e4_registered,3,106,1981Q4,-0.28378677555238596,1.3811828210304167,-0.06664989881310329,0.04082572785767556,0.23810844510536228,ok,0.2738110482757407,0.037521470670776526,-0.0788693882754746
ons_realtime_abmi_e4_registered,3,107,1982Q1,1.161993442980247,1.3667107762894157,-0.06737126590640047,0.0399551299248837,0.23639195202673438,ok,0.40134783727013085,0.11640492793360277,-0.06937783354059168
ons_realtime_abmi_e4_registered,3,108,1982Q2,4.831245996875566,1.374216443705081,-0.0687235122385125,0.005144989769154697,0.11389615152623689,ok,0.44869795706659227,0.07077729280453947,-0.070141655616264
ons_realtime_abmi_e4_registered,3,109,1982Q3,-0.24950933791174634,0.9327415921364344,-0.14765756049604348,0.005687880188729738,0.1793681993370068,ok,0.46092764200444963,0.10593565168896175,-0.07217602411526766
ons_realtime_abmi_e4_registered,3,110,1982Q4,1.816092616180498,0.9437100479431753,-0.2193457430920616,-0.016756664625444707,0.12944753618916316,ok,0.38410988727385675,0.0895919325830675,-0.14872336784145457
ons_realtime_abmi_e4_registered,3,111,1983Q1,5.777973752053356,1.1079631173909816,-0.19719871688661952,0.049070064357781086,0.3410697645616923,ok,0.38104707515503944,0.1692604530737559,-0.2058517560617044
ons_realtime_abmi_e4_registered,3,112,1983Q2,2.8960540086906406,1.2432038170621094,-0.1936308994505053,0.05462509643542158,0.34979435742493514,ok,0.44269672062352533,0.17670749948333409,-0.19375015936576087
ons_realtime_abmi_e4_registered,3,113,1983Q3,4.568659701232747,1.6903824825714222,-0.21445485492086028,0.020851745103937426,0.2870870013054697,ok,0.4952503807942768,0.21819274266853683,-0.19599261422260367
ons_realtime_abmi_e4_registered,3,114,1983Q4,4.586680229688511,1.5689461223476446,-0.1495945542731729,0.048115804128671794,0.3065523996165849,ok,0.5142670497089294,0.23686770918186317,-0.2050700031011309
ons_realtime_abmi_e4_registered,3,115,1984Q1,3.6128198770747133,1.4564077193109646,-0.158564325470369,0.1053471155302473,0.41339707838280354,ok,0.515557217928303,0.2425719973657869,-0.15170645552270745
ons_realtime_abmi_e4_registered,3,116,1984Q2,-2.9005787979912157,1.4523779944391113,-0.14447818959292985,0.1368725829958359,0.44918878615175517,ok,0.5636289910016289,0.1359566654610085,-0.18195144710266042
ons_realtime_abmi_e4_registered,3,117,1984Q3,1.7261707411591942,1.4883942306935247,-0.15289909816237499,0.13865726908752127,0.4565834763255709,ok,0.5594467292642394,0.2071569842002555,-0.16666560027741348
ons_realtime_abmi_e4_registered,3,118,1984Q4,5.553275643212885,1.935661142102287,-0.1683813013363296,0.06082014699233069,0.3447826932409564,ok,0.5759040181083398,0.1106533278890257,-0.1723942577109966
ons_realtime_abmi_e4_registered,3,119,1985Q1,4.149868846990756,2.1631515263443917,-0.19240173662602386,0.05580697715706034,0.35127259199330896,ok,0.5700257328485954,0.3383875929369306,-0.1646942804113312
ons_realtime_abmi_e4_registered,3,120,1985Q2,6.288464215716516,1.998891758271314,-0.15523290397672804,0.12157761117983822,0.4348305681695422,ok,0.6104788309211977,0.37254962932308755,-0.18556287986322498
ons_realtime_abmi_e4_registered,3,121,1985Q3,0.08250966939442606,1.8631871051209123,-0.18584228950319046,0.12861291994841664,0.4633901165837361,ok,0.6098491740752614,0.28620831151207793,-0.18463797075422383
ons_realtime_abmi_e4_registered,3,122,1985Q4,2.749732487690437,1.8762268873689942,-0.15379268206373073,0.15607370573361834,0.4793721204244983,ok,0.6023661484300437,0.2974894756320427,-0.20984593200983206
ons_realtime_abmi_e4_registered,3,123,1986Q1,5.757608402919345,1.984363528399252,-0.14819542408074443,0.14556492692393977,0.46275617117069623,ok,0.5926396817181557,0.3701907476852478,-0.17952511551050265
ons_realtime_abmi_e4_registered,3,124,1986Q2,4.517427376145378,1.7607433613679135,-0.14248157472520354,0.19678977568752093,0.5205347061636071,ok,0.588745407910622,0.4226851804165496,-0.1598029081632445
ons_realtime_abmi_e4_registered,3,125,1986Q3,2.17464579673603,1.7613452507688194,-0.13622875923683142,0.1992413435590095,0.5196461196653488,ok,0.6022885210312829,0.43366114644788056,-0.17428174514370198
ons_realtime_abmi_e4_registered,3,126,1986Q4,6.655734882944131,1.8959004731380649,-0.1331695253657903,0.2585444789988969,0.5793985784293455,ok,0.5558505030469015,0.3776050096856549,-0.16642056921817686
ons_realtime_abmi_e4_registered,3,127,1987Q1,2.2654001056160666,1.8693482418753002,-0.12449668333691136,0.26164518065761966,0.5775347054489195,ok,0.6452173953205931,0.3861078879220702,-0.17218602945863715
ons_realtime_abmi_e4_registered,3,128,1987Q2,4.172517498001582,1.7135678347573817,-0.12524640722518146,0.2900518404394018,0.604816440448044,ok,0.6361263079825806,0.44278818827538596,-0.16935471422954895
ons_realtime_abmi_e4_registered,3,129,1987Q3,8.718402157040828,1.8433232789118699,-0.10533819416203644,0.29501569032642005,0.5983702278419409,ok,0.5006607015583446,0.46525574273145187,-0.14787928410127146
ons_realtime_abmi_e4_registered,3,130,1987Q4,3.73465247153959,1.8333117385830469,-0.09182068349633457,0.2994156426697302,0.5950218077996091,ok,0.5287380401763536,0.47930106895986563,-0.13669331486853503
ons_realtime_abmi_e4_registered,3,131,1988Q1,6.467151419979444,1.7855720902221726,-0.08868813066393814,0.3197628728047344,0.611555903127074,ok,0.564131986375122,0.4994118204973424,-0.12568406557241507
ons_realtime_abmi_e4_registered,3,132,1988Q2,1.8793924020258146,1.7766076547921728,-0.09234377114052764,0.3177428998198219,0.6117465869466032,ok,0.2692575691402883,0.5490696338613935,-0.13164286724359364
ons_realtime_abmi_e4_registered,3,133,1988Q3,5.513802395496725,1.916416653059792,-0.08501860311242788,0.34295490472608336,0.6296736273159458,ok,0.1561424583445731,0.5561287094916586,-0.13358952732404306
ons_realtime_abmi_e4_registered,3,134,1988Q4,2.8368630656999017,1.310617391728266,0.019480030635637118,0.34583872103898056,0.5979012083060774,ok,0.25872345393889595,0.5970030688429622,-0.12809021221301295
ons_realtime_abmi_e4_registered,3,135,1989Q1,1.1259683719238467,1.18795663250112,0.26258566130529765,0.2693714622493359,0.6666518406918197,ok,0.24634184601374845,0.5899306010070221,-0.02812751149108147
ons_realtime_abmi_e4_registered,3,136,1989Q2,2.5238668773809536,1.155211752175723,0.2965072899586094,0.2384080975464639,0.6585351758973986,ok,0.3412144104520303,0.6103317951447867,0.25182407631665105
ons_realtime_abmi_e4_registered,3,137,1989Q3,0.3991221610448292,1.3676151812721475,0.3581308345719176,0.11423851069796757,0.5615610830990005,ok,0.23221262204478427,0.6120558878176501,0.3714928586599114
ons_realtime_abmi_e4_registered,3,138,1989Q4,0.4281709360647312,1.700012961128434,0.20568095173866957,0.20460669882814048,0.5667185442290835,ok,0.09074174131722322,0.6085833578446795,0.4042418213736895
ons_realtime_abmi_e4_registered,3,139,1990Q1,3.3135833033966833,1.7998084031340489,0.19091484188268093,0.19816016044763987,0.5507290757370373,ok,0.23805732829924175,0.609790753350081,0.2879990165704717
ons_realtime_abmi_e4_registered,3,140,1990Q2,2.1164481480440145,2.350667860689985,0.17303810733718758,0.05561596886451865,0.33771920397154975,ok,0.14047241392086787,0.6083827654335019,0.2646959026461119
ons_realtime_abmi_e4_registered,3,141,1990Q3,-4.8023526548895745,2.701037316218559,0.07303634626965129,0.007774610650442543,0.131954998414943,ok,0.24618347876829055,0.6102880221834706,0.1772659881879226
ons_realtime_abmi_e4_registered,3,142,1990Q4,-2.3135483850090566,2.502096280539502,0.1662551798023682,-0.04155994255507621,0.2038625580018955,ok,0.3942311130129089,0.600616942964871,0.17731832954640467
ons_realtime_abmi_e4_registered,3,143,1991Q1,-0.21887717543904728,1.9003578761578348,0.21208600539084949,0.07439840487151872,0.39869214978487144,ok,0.4472534254820341,0.6644896485399818,0.19602894970221468
ons_realtime_abmi_e4_registered,3,144,1991Q2,-1.3434897890093112,1.721721602360508,0.26458550051149476,0.08929991750062721,0.45909741556953504,ok,0.5331921605856954,0.6601956850757422,0.24264036581576487
ons_realtime_abmi_e4_registered,3,145,1991Q3,-1.5386922260333336,1.5333632280924285,0.2851470931991181,0.11923533882492507,0.5161542674818091,ok,0.5742918423398455,0.5848473671109761,0.30745804941469174
ons_realtime_abmi_e4_registered,3,146,1991Q4,0.42492148409749575,1.3258830154888426,0.2955070120991051,0.15179420654767328,0.5644372051518913,ok,0.6279519033054454,0.5976434687468266,0.3247454974618824
ons_realtime_abmi_e4_registered,3,147,1992Q1,0.8306675830702659,1.371838363403461,0.327938845515645,0.13126573090282623,0.5616523397939452,ok,0.6337821710162124,0.6134569339756482,0.3441841697172722
ons_realtime_abmi_e4_registered,3,148,1992Q2,-0.97556671352379,1.2463827816677293,0.33564138378132363,0.14651878622369746,0.5857711325536163,ok,0.7334465323804655,0.5188099685920428,0.37476221333280935
ons_realtime_abmi_e4_registered,3,149,1992Q3,1.9783932499564116,1.1140823345264246,0.3201433805335135,0.1823519558079152,0.616114343790275,ok,0.7205785231028048,0.47598166094568706,0.38164623779553636
ons_realtime_abmi_e4_registered,3,150,1992Q4,2.202516387805531,1.1487019009731825,0.3278439765531976,0.17193848255958463,0.6098019057433288,ok,0.6789510957665212,0.47962299456207164,0.388763894303609
ons_realtime_abmi_e4_registered,3,151,1993Q1,2.6181320629206084,1.152967513728313,0.33231603496265294,0.15380580202494978,0.5920855803347705,ok,0.7209657175978086,0.5529495683280343,0.39681671114983413
ons_realtime_abmi_e4_registered,3,152,1993Q2,1.8130287487004182,1.1220435447814674,0.32005131815466925,0.15635083541906458,0.5865922388538097,ok,0.7176714871996918,0.5423838095566772,0.3924981314633524
ons_realtime_abmi_e4_registered,3,153,1993Q3,3.4359552716075825,1.1568176584176422,0.31558452165927586,0.1571755949207756,0.584493552717188,ok,0.7414384442970423,0.5482257464959989,0.3790754671857297
ons_realtime_abmi_e4_registered,3,154,1993Q4,3.4391613052719094,1.2158900704953022,0.3316516834824335,0.19539866828381225,0.6379454008287379,ok,0.7349887534718658,0.5776181300805404,0.378100856558325
ons_realtime_abmi_e4_registered,3,155,1994Q1,4.39334215381777,1.1935206647599277,0.3544136357923574,0.1881044455854554,0.6457222412221828,ok,0.7700466135204385,0.5780012145405807,0.40442843036630766
ons_realtime_abmi_e4_registered,3,156,1994Q2,5.658954406054306,0.9481841310388646,0.33940500141390356,0.28393556399782277,0.7289292013785272,ok,0.7582243895691341,0.5903794983311831,0.43784508702090114
ons_realtime_abmi_e4_registered,3,157,1994Q3,5.534090853480933,0.9322600556233511,0.3413224382118994,0.29482721552687025,0.7398294431255266,ok,0.7864333973080473,0.6379501690527329,0.46598824643385006
ons_realtime_abmi_e4_registered,3,158,1994Q4,2.906401626164268,0.9515083529018535,0.32896893981249026,0.25796888093741444,0.6983608804899615,ok,0.7475544968057928,0.623882421584606,0.4663502190076348
ons_realtime_abmi_e4_registered,3,159,1995Q1,1.2054015440419619,0.9146156280720552,0.39506295754612947,0.22881274029904786,0.715055802264552,ok,0.707667597568689,0.5920060269217449,0.44448705458007287
ons_realtime_abmi_e4_registered,3,160,1995Q2,2.549932178479253,0.9231319819077695,0.3991723394714014,0.22254115145450543,0.7118124777327357,ok,0.7282012097775612,0.5887491554542468,0.5001522699343117
ons_realtime_abmi_e4_registered,3,161,1995Q3,3.5073586498747034,0.823190987077195,0.3758162162861389,0.26072149124898647,0.7319953698528929,ok,0.6342236034238206,0.5824662315480462,0.5111642835609171
ons_realtime_abmi_e4_registered,3,162,1995Q4,1.5799277046014026,0.7963580419747074,0.3553049023186206,0.26969340264817593,0.726518369258701,ok,0.667203674171652,0.6269392212711558,0.50278335954453
ons_realtime_abmi_e4_registered,3,163,1996Q1,3.625879908853591,0.8143447169296283,0.35149222960584336,0.30020775249116316,0.7511541868348361,ok,0.557587368829473,0.6309682185276443,0.49023622215897367
ons_realtime_abmi_e4_registered,3,164,1996Q2,1.8974598028435707,0.7459515850688472,0.37023485784725185,0.2606562189799717,0.7281871127315747,ok,0.5602149589644474,0.7020449436773981,0.49756967435586896
ons_realtime_abmi_e4_registered,3,165,1996Q3,3.114056292087497,0.7621576061031268,0.4051740809895717,0.24582111679064236,0.7381826209163184,ok,0.6364173659459287,0.7025505365088769,0.4979242363374181
ons_realtime_abmi_e4_registered,3,166,1996Q4,3.216429727009995,0.7788032102167279,0.4213180045631683,0.22042272115127592,0.7252461536889511,ok,0.6260656595047494,0.6774320118296429,0.5376810678518021
ons_realtime_abmi_e4_registered,3,167,1997Q1,2.9416020169414026,0.6986117314214653,0.3561377115423357,0.25520776823990127,0.7137145274941402,ok,0.620449814183569,0.7127298807362819,0.5394301826229305
ons_realtime_abmi_e4_registered,3,168,1997Q2,3.1180263229323657,0.6708152069110187,0.4044910071987547,0.24289764647601236,0.7349751631849669,ok,0.6335625707063326,0.71143277959469,0.4965322083995387
ons_realtime_abmi_e4_registered,3,169,1997Q3,3.2072879030685897,0.7433270204607134,0.43861162316824936,0.15312878785337014,0.6678856003039707,ok,0.6698858926254874,0.7366132021610783,0.5508526677801149
ons_realtime_abmi_e4_registered,3,170,1997Q4,3.5626313292858924,0.7129016525623526,0.5109203355588005,0.14024061572514665,0.7087818119207604,ok,0.6713003788570749,0.7347902532165326,0.5245280671636645
ons_realtime_abmi_e4_registered,3,171,1998Q1,3.667460928301125,0.7279795132361229,0.5856624744283618,0.025738550584620025,0.6267304496616017,ok,0.7554711585186096,0.7583837674645892,0.5893406153605257
ons_realtime_abmi_e4_registered,3,172,1998Q2,2.2039444951069243,0.7273719170856578,0.6205870862681195,-0.00268886956289739,0.6162236223152204,ok,0.7354899442567031,0.7336151056292886,0.5939753165340226
ons_realtime_abmi_e4_registered,3,173,1998Q3,4.1821335007817595,0.7450722115197366,0.5876790483980159,0.06739844907931032,0.6859365977162808,ok,0.8005351781918298,0.7455566904454426,0.6049412977825148
ons_realtime_abmi_e4_registered,3,174,1998Q4,2.9101347158629665,0.7166001406043443,0.5920759273466658,0.05893030464218957,0.6788809870889922,ok,0.732732329265071,0.7352619777713575,0.6199333362743908
ons_realtime_abmi_e4_registered,3,175,1999Q1,1.440695488995658,0.7654877118229737,0.6166411649069343,0.018208221668590884,0.6448763775796782,ok,0.6288100907618932,0.7180943017610042,0.6212201652939895
ons_realtime_abmi_e4_registered,3,176,1999Q2,2.6361762166416725,0.8107949924312143,0.5940148238999671,0.03901903232110595,0.6537039707704089,ok,0.620927596979598,0.7363481739389007,0.6234042704898187
ons_realtime_abmi_e4_registered,3,177,1999Q3,5.266794509034867,0.7702530423214577,0.6331852045789425,0.02625293691564131,0.6722382303239807,ok,0.4899476521334702,0.6650293724563798,0.5927650835013067
ons_realtime_abmi_e4_registered,3,178,1999Q4,4.39598663386036,0.7933514800626729,0.6551820929433932,0.005057179690487199,0.6628119787222178,ok,0.27622006959041145,0.700939800063837,0.6362120687428149
ons_realtime_abmi_e4_registered,3,179,2000Q1,4.380784441475072,0.9160483149821304,0.5986181801289925,0.09999282390650385,0.7347155154899148,ok,0.19977951205213412,0.6384034050018715,0.6501821752316335
ons_realtime_abmi_e4_registered,3,180,2000Q2,2.9141182798646525,1.0142422413266228,0.5154556889551556,0.14203696541907684,0.7143027093553275,ok,0.37368538757846415,0.6259587089447165,0.6496031021263221
ons_realtime_abmi_e4_registered,3,181,2000Q3,2.3742952413343232,0.9034961880994503,0.5307982821509531,0.1558241844761787,0.7410680264987082,ok,0.41514603641185677,0.6582964455828096,0.640595378144006
ons_realtime_abmi_e4_registered,3,182,2000Q4,2.402904748065282,1.1366650078309752,0.5426750592787325,0.06960982667839066,0.6498000531065975,ok,0.4536190414335868,0.6547410015703699,0.6518983020027129
ons_realtime_abmi_e4_registered,3,183,2001Q1,3.731343490515826,1.481751234741526,0.44753305615213507,0.06897045443759676,0.5687910395601276,ok,0.46189199045160556,0.6396799253381529,0.5814657217302946
ons_realtime_abmi_e4_registered,3,184,2001Q2,0.46115595492963735,1.5313311634810018,0.37291439294900347,0.10482164727857957,0.5600718822079597,ok,0.35672328953063953,0.6375131890816321,0.4411257933595571
ons_realtime_abmi_e4_registered,3,185,2001Q3,2.3876812847724693,1.7127528875166285,0.3514123703019475,0.07281010622733482,0.4977042747845042,ok,0.35615243903775723,0.6774579719060396,0.42027972877523745
ons_realtime_abmi_e4_registered,3,186,2001Q4,1.5704841263001867,2.1063924932875526,0.2801100450740556,0.027633285315671583,0.35742267112696624,ok,0.1456934464074252,0.6778346852514997,0.3835338595158961
ons_realtime_abmi_e4_registered,3,187,2002Q1,2.054265414415113,2.0092836630221775,0.30485170789424176,0.029229270014343854,0.38147368948776267,ok,0.21834476129624594,0.7186822589566895,0.3006083559471655
ons_realtime_abmi_e4_registered,3,188,2002Q2,2.144134580795054,2.03319718250184,0.3126354703987753,0.012136621067195702,0.3475554286728805,ok,0.1361286157621032,0.7082238632387112,0.32194612233747905
ons_realtime_abmi_e4_registered,3,189,2002Q3,2.926064092272185,2.0685864737063007,0.30886241129634456,0.0070041845242246464,0.33008194376837696,ok,0.3935123558415229,0.7421142263431374,0.3133686056407034
ons_realtime_abmi_e4_registered,3,190,2002Q4,2.0472436733690813,2.090564368092127,0.30172109620415455,0.00808653554784639,0.3264892488360563,ok,0.4119417582188999,0.6745607206522723,0.30735217652181873
ons_realtime_abmi_e4_registered,3,191,2003Q1,2.3933937209321243,1.9866719302225584,0.32738128704573927,0.007053787349354342,0.3476700285807764,ok,0.4802444074570471,0.6070975365520622,0.3086494925631382
ons_realtime_abmi_e4_registered,3,192,2003Q2,2.3172223541749304,1.9214002082660675,0.3244627427346761,0.024712584645575787,0.38813312545814393,ok,0.4889137784935488,0.5966604026127391,0.3320860705653774
ons_realtime_abmi_e4_registered,3,193,2003Q3,4.379472466857948,2.0739839286060224,0.2988767658223021,0.0024617352384389774,0.30689810958924096,ok,0.4384300821048046,0.5480924352178759,0.300285577463535
ons_realtime_abmi_e4_registered,3,194,2003Q4,4.23900777898325,2.2009393003873665,0.26549249234418354,-0.019440363037231012,0.13942870234363874,ok,0.36668777299182653,0.3788439988134119,0.31376317215110544
ons_realtime_abmi_e4_registered,3,195,2004Q1,2.851646323982493,2.5861262698182483,0.14803850606769653,-0.05364941274735113,0.23162342875311887,ok,0.27711715084272454,0.36621338010046267,0.24966482906386522
ons_realtime_abmi_e4_registered,3,196,2004Q2,3.613200187857757,2.487642358383624,0.15609359829600433,-0.01868830293183811,0.1367051679046484,ok,0.3670360921610727,0.3292613247903781,0.13069214602462081
ons_realtime_abmi_e4_registered,3,197,2004Q3,1.5008723073329122,2.27371291051828,0.11033320425734078,0.10339077749431184,0.38140904492962613,ok,0.36937666711320105,0.3323753814427874,0.11902142073512038
ons_realtime_abmi_e4_registered,3,198,2004Q4,2.3177526764641243,2.259805890685983,0.12293133785162245,0.09250066844819826,0.37175375587839743,ok,0.357348845264826,0.2756742251266918,0.1386905711771739
ons_realtime_abmi_e4_registered,3,199,2005Q1,0.8797592101316809,1.8419676967880916,0.14348004982205048,0.192778190234348,0.5166274504566148,ok,0.48329667225194656,0.4195580928308916,0.14821319567671673
ons_realtime_abmi_e4_registered,3,200,2005Q2,1.7974115552597425,1.7439291616480874,0.19513624383394174,0.1822290925323118,0.5354592396011695,ok,0.4928531607295807,0.44649288325520453,0.19555578906341364
ons_realtime_abmi_e4_registered,3,201,2005Q3,2.05559392328567,1.6519658436006988,0.2317341136206593,0.16764967117159674,0.5413959583264134,ok,0.49330163986213416,0.449938350547726,0.23357628325566873
ons_realtime_abmi_e4_registered,3,202,2005Q4,2.5688919134793764,1.710412452356315,0.2570454835328628,0.13129547779965742,0.5129880496302466,ok,0.5151549889901662,0.4063514364307802,0.2692283386332596
ons_realtime_abmi_e4_registered,3,203,2006Q1,3.7799024789279656,1.7838312776168865,0.2704075290359269,0.09803347465932225,0.47625146294026793,ok,0.4385600663480673,0.257719163234907,0.2800002187615179
ons_realtime_abmi_e4_registered,3,204,2006Q2,2.7569231719375864,1.7639546926381344,0.25583253323621313,0.11317015999099896,0.48782282568102986,ok,0.4360550762458091,0.3153269215047142,0.29136436104150853
ons_realtime_abmi_e4_registered,3,205,2006Q3,2.8092287948197736,1.7660188409834445,0.2565717231825985,0.11085598232379931,0.48509567733075065,ok,0.5208659349025044,0.47391859604907516,0.28899451187786696
ons_realtime_abmi_e4_registered,3,206,2006Q4,3.446125091966934,1.7851454441659762,0.25685707518903844,0.10762104558695869,0.4807280335572945,ok,0.5237149369990345,0.4738487630797904,0.2860783918158878
ons_realtime_abmi_e4_registered,3,207,2007Q1,2.800824603688312,1.7860474153223975,0.2517404278441205,0.10794609929513252,0.47770740645280696,ok,0.6289865327540045,0.5144604784467134,0.28499704750300675
ons_realtime_abmi_e4_registered,3,208,2007Q2,3.3800834246328293,1.7896414933308353,0.2438601842305689,0.11342970454837267,0.4801153122341699,ok,0.6107492807392055,0.521092980889241,0.2804549458262965
ons_realtime_abmi_e4_registered,3,209,2007Q3,2.5829295091575943,1.815937621576846,0.22700411364623627,0.11148306135752056,0.4661573818369323,ok,0.5292803057271447,0.5132558226014639,0.2705011453179828
ons_realtime_abmi_e4_registered,3,210,2007Q4,2.4609188155054085,1.759298412091552,0.24589419291729653,0.11803330253703534,0.4878433708499436,ok,0.544623377555327,0.4818863866374214,0.25836220593587605
ons_realtime_abmi_e4_registered,3,211,2008Q1,1.596388377187452,1.691023052237641,0.28576340505274944,0.0787674761761452,0.4578144843909825,ok,0.5953983717798463,0.4857373888247415,0.2762333759534067
