data_kind,position,quarter,growth,c,phi1,phi2,modulus,h1_rolling_modulus,status
uk_abmi_e3_registered,0,1955 Q2,0.2584121488602875,,,,,,warm-up
uk_abmi_e3_registered,1,1955 Q3,6.660779500150227,,,,,,warm-up
uk_abmi_e3_registered,2,1955 Q4,-2.3746825236230507,-0.05226806610042347,-0.34814606319419766,-0.013506703277781975,,,warm-up
uk_abmi_e3_registered,3,1956 Q1,4.960985522725281,0.06437728932924822,-0.3893180649555181,0.5963418286734125,,,warm-up
uk_abmi_e3_registered,4,1956 Q2,-0.3223748453486053,3.905141876485651,-0.936009653346658,-0.1751870241887854,,,warm-up
uk_abmi_e3_registered,5,1956 Q3,-0.45714290689957693,3.1533642002828017,-0.8797466543524831,-0.3109098847332584,,,warm-up
uk_abmi_e3_registered,6,1956 Q4,2.526561345104028,2.4019632347232016,-0.732857518243007,-0.16011564893195077,,,warm-up
uk_abmi_e3_registered,7,1957 Q1,7.217571573035997,4.225129418963488,-0.8813766873430269,-0.4693545082431554,,,warm-up
uk_abmi_e3_registered,8,1957 Q2,-0.12080783766990066,3.632253940960158,-0.6098161155016181,-0.2542442884231557,,,warm-up
uk_abmi_e3_registered,9,1957 Q3,-2.489921584632526,3.7531883631744476,-0.6431045732557358,-0.5097265132906944,,,warm-up
uk_abmi_e3_registered,10,1957 Q4,1.3641309144176716,2.526305972270354,-0.4185482287813631,-0.31926178458990595,,,warm-up
uk_abmi_e3_registered,11,1958 Q1,8.496152931619605,3.664646508398371,-0.5225123821066486,-0.5618178494302545,,,warm-up
uk_abmi_e3_registered,12,1958 Q2,-10.079717619885997,3.947094410242278,-0.9023668380036927,-0.6844011985671699,,,warm-up
uk_abmi_e3_registered,13,1958 Q3,8.617504849347313,4.0725740311942324,-0.9473474643589932,-0.6627542458080038,,,warm-up
uk_abmi_e3_registered,14,1958 Q4,1.26876360037258,3.8933605479753464,-0.9414504362648768,-0.608283632782186,,,warm-up
uk_abmi_e3_registered,15,1959 Q1,2.4870599748155087,3.8485790843623495,-0.8585542220418397,-0.4595146919338002,,,warm-up
uk_abmi_e3_registered,16,1959 Q2,6.303549253225071,4.179194895533962,-0.8480432405173696,-0.4604527181046594,,,warm-up
uk_abmi_e3_registered,17,1959 Q3,8.398963738439136,4.169024665174743,-0.6372504083904456,-0.3185362455676408,,,warm-up
uk_abmi_e3_registered,18,1959 Q4,9.984929248113872,3.4801259239660696,-0.2943822860626163,-0.0057576496438891955,,,warm-up
uk_abmi_e3_registered,19,1960 Q1,9.951058031695936,2.910566038666151,-0.08044153168682194,0.2001357433493964,,,warm-up
uk_abmi_e3_registered,20,1960 Q2,-2.767589321354791,3.266944499608141,-0.19648434852876578,0.07432776575985042,,,warm-up
uk_abmi_e3_registered,21,1960 Q3,5.861616687130322,3.316203150145682,-0.20784741186449268,0.08963886715446034,,,warm-up
uk_abmi_e3_registered,22,1960 Q4,2.187170975910391,3.339122479862697,-0.20666044712186657,0.08628447518532488,,,warm-up
uk_abmi_e3_registered,23,1961 Q1,6.659571988389956,3.4405175199051916,-0.2067489789213398,0.1030261213393857,,,warm-up
uk_abmi_e3_registered,24,1961 Q2,1.5897529822836987,3.4245342131180774,-0.21195202062014942,0.10298572101744913,,,warm-up
uk_abmi_e3_registered,25,1961 Q3,-1.9322168019250796,3.271167016161153,-0.2060862622826533,0.06884048676927992,,,warm-up
uk_abmi_e3_registered,26,1961 Q4,-0.818533898670637,2.8868896185561033,-0.15981815248345055,0.09158938747789451,,,warm-up
uk_abmi_e3_registered,27,1962 Q1,1.826820858902778,2.796122831999426,-0.15147718556560694,0.10158589408809798,,,warm-up
uk_abmi_e3_registered,28,1962 Q2,3.737158120021178,2.877769533249974,-0.1544262708170313,0.09309068670807619,,,warm-up
uk_abmi_e3_registered,29,1962 Q3,2.3607518712090325,2.8739055333265306,-0.1547043977824397,0.09322887110363623,,,warm-up
uk_abmi_e3_registered,30,1962 Q4,-1.422885087507808,2.7404589259350787,-0.15619830199089652,0.08657628057845393,,,warm-up
uk_abmi_e3_registered,31,1963 Q1,1.9341561026855913,2.6697880823318685,-0.14677997681623556,0.08895989366193655,,,warm-up
uk_abmi_e3_registered,32,1963 Q2,16.846488575850316,3.4939618008444855,-0.17044585769369108,-0.012789381260089633,,,warm-up
uk_abmi_e3_registered,33,1963 Q3,1.7793432919127383,3.462526505841546,-0.1455539114535832,-0.010346725301226918,,,warm-up
uk_abmi_e3_registered,34,1963 Q4,8.945171056404178,3.3102586784598538,-0.13620131566437732,0.09160473006249084,,,warm-up
uk_abmi_e3_registered,35,1964 Q1,2.7349678691791723,3.314672650907836,-0.13189991346402802,0.09139753542631592,,,warm-up
uk_abmi_e3_registered,36,1964 Q2,7.342526141153627,3.331576506835618,-0.1273037081085264,0.11602739244783022,,,warm-up
uk_abmi_e3_registered,37,1964 Q3,1.372388668987412,3.316519576651571,-0.13643409157372943,0.11575588263351586,,,warm-up
uk_abmi_e3_registered,38,1964 Q4,6.19420047804411,3.354086992278502,-0.13880179509840762,0.12563146584613452,,,warm-up
uk_abmi_e3_registered,39,1965 Q1,-1.1585205903820395,3.272943164403155,-0.15800275743019052,0.13198443626368161,0.45078848729010695,0.46644911315818993,indicator
uk_abmi_e3_registered,40,1965 Q2,0.28693614142554225,3.145848139025156,-0.13827193286383194,0.12214540011721524,0.4254015723661546,0.41552684451900845,indicator
uk_abmi_e3_registered,41,1965 Q3,3.0731263914219653,3.1518985805372504,-0.13871080014251927,0.12154011919488943,0.42481326074384895,0.41057563562378824,indicator
uk_abmi_e3_registered,42,1965 Q4,2.583239802411441,3.1454687228665845,-0.13881939405223465,0.12211738255142271,0.42568920610947747,0.3853380800774588,indicator
uk_abmi_e3_registered,43,1966 Q1,0.65012228802388,3.0800914006459847,-0.13995341803755806,0.12253077448405189,0.4269466157184205,0.40532678090069335,indicator
uk_abmi_e3_registered,44,1966 Q2,2.319166637862935,3.045300218747812,-0.13733753128444745,0.12357944267255509,0.42685145931597135,0.40128279330417516,indicator
uk_abmi_e3_registered,45,1966 Q3,1.2974234415800368,2.9923828097247873,-0.13703482980102077,0.1278894591675754,0.43263840483685573,0.43278750116261333,indicator
uk_abmi_e3_registered,46,1966 Q4,-1.6018098109228163,2.8428390219271766,-0.12993485701135904,0.1331999485351756,0.43567042997965755,0.42795605378936313,indicator
uk_abmi_e3_registered,47,1967 Q1,5.306207230117366,2.9372870651066303,-0.1431392188601816,0.12762041723624318,0.4359082242243766,0.4768873807681571,indicator
uk_abmi_e3_registered,48,1967 Q2,5.577183265287289,3.0388036594976757,-0.12604542117649833,0.11148836966419899,0.40281710682528127,0.4465434621990751,indicator
uk_abmi_e3_registered,49,1967 Q3,1.650297223802255,3.037214646065526,-0.1341759594536921,0.10762939770261518,0.40194644942179775,0.4854098437810115,indicator
uk_abmi_e3_registered,50,1967 Q4,2.039609601722958,3.015931526022467,-0.13392688220469878,0.10409947371469559,0.39648366227088927,0.41295395226000736,indicator
uk_abmi_e3_registered,51,1968 Q1,14.565390827346647,3.342291689908451,-0.13525066734788332,0.08556098554073954,0.3678488692191275,0.3283194934820424,indicator
uk_abmi_e3_registered,52,1968 Q2,-1.676591072642708,3.4001262179001794,-0.19080051729049918,0.08312259773795524,0.3990839873623736,0.3504901645071895,indicator
uk_abmi_e3_registered,53,1968 Q3,7.7094887499093545,3.385498851578927,-0.19967707792286626,0.1110881326171318,0.44776937473067824,0.4362439879899865,indicator
uk_abmi_e3_registered,54,1968 Q4,1.3327597917268008,3.379409962854142,-0.20189637158644907,0.11222926980523089,0.45083360420927443,0.458338139126299,indicator
uk_abmi_e3_registered,55,1969 Q1,-0.6137392633249306,3.3401722555428215,-0.2013183931689577,0.09439975605025903,0.4239733316099859,0.43710332746268954,indicator
uk_abmi_e3_registered,56,1969 Q2,2.913151075732401,3.314839084985365,-0.19847784856111472,0.09603042691470484,0.42462913772753097,0.42537522974019143,indicator
uk_abmi_e3_registered,57,1969 Q3,2.218899176861555,3.3008050701766267,-0.19876592969392776,0.09757350266800092,0.4271793595339308,0.38015074547553185,indicator
uk_abmi_e3_registered,58,1969 Q4,1.8008964125179716,3.2731238476685025,-0.19930195525090644,0.0979350121348195,0.42807955353888993,0.4358961523359529,indicator
uk_abmi_e3_registered,59,1970 Q1,-2.4716683121170036,3.138845981249489,-0.19751510003976858,0.10338618451722417,0.43511931687687133,0.42266915634606683,indicator
uk_abmi_e3_registered,60,1970 Q2,9.446107071166665,3.356607551659928,-0.23580420175497996,0.0913379206366555,0.4423074430467911,0.4302597806461848,indicator
uk_abmi_e3_registered,61,1970 Q3,3.7893702760683823,3.3902436758983785,-0.2073076806491892,0.08185143767764515,0.4079490198652532,0.3619398843262351,indicator
uk_abmi_e3_registered,62,1970 Q4,3.6840137782135685,3.388064034414473,-0.20603362766082828,0.08360659319172056,0.4099680430566396,0.3655779077204,indicator
uk_abmi_e3_registered,63,1971 Q1,-1.8959201188557984,3.3342179949756683,-0.22001785536626423,0.079718435058806,0.41302773770785417,0.4109524745133727,indicator
uk_abmi_e3_registered,64,1971 Q2,7.098706456911685,3.424479232786928,-0.23656115860066732,0.07846741651720028,0.42234917675298544,0.42033315023692097,indicator
uk_abmi_e3_registered,65,1971 Q3,6.74530885052107,3.510018423099147,-0.20152571135127106,0.062143134312087935,0.369642545120556,0.3125902973690028,indicator
uk_abmi_e3_registered,66,1971 Q4,1.5353965669888225,3.5203257958804386,-0.20987703822306322,0.05781603160608595,0.3672896662395883,0.2976996591877844,indicator
uk_abmi_e3_registered,67,1972 Q1,0.8730881548522973,3.497424152043316,-0.2105539073111932,0.05039077476220732,0.3532164860686629,0.2375193370552243,indicator
uk_abmi_e3_registered,68,1972 Q2,10.417483413818474,3.6825823362100443,-0.22223183775334093,0.038733730536228805,0.33712582565961574,0.1630544233832829,indicator
uk_abmi_e3_registered,69,1972 Q3,1.0659236549955153,3.6834538751905956,-0.22612621650784592,0.038859504149828146,0.340313566114554,0.1928273902075839,indicator
uk_abmi_e3_registered,70,1972 Q4,6.16216653900068,3.679777436689507,-0.22550599813293712,0.05132371955004009,0.36580824668746365,0.456315041198608,indicator
uk_abmi_e3_registered,71,1973 Q1,19.163880999642657,3.8507829505388873,-0.12814397970115765,0.03423582992725285,0.25988069703865446,0.35505776830370955,indicator
uk_abmi_e3_registered,72,1973 Q2,0.7572925320488366,3.878458439902663,-0.14308594541715483,0.031059437537051884,0.26174769000294984,0.2480930921894333,indicator
uk_abmi_e3_registered,73,1973 Q3,-3.7495627073866444,4.046317867492804,-0.14453683397713796,-0.04954173817230309,0.22257973441511492,0.4490700189104158,indicator
uk_abmi_e3_registered,74,1973 Q4,-1.5666902190361043,3.8218504068314294,-0.1074158168361333,-0.0351053920332951,0.18736432967161892,0.4430594703811531,indicator
uk_abmi_e3_registered,75,1974 Q1,-11.246489001317883,3.19888043196823,-0.04694864295539565,0.03816233856381232,0.22023148737680967,0.18405450307221774,indicator
uk_abmi_e3_registered,76,1974 Q2,5.689657393747183,3.2901391146108083,-0.07082520118768934,0.03155888043863262,0.2165560043364369,0.254471676002054,indicator
uk_abmi_e3_registered,77,1974 Q3,2.363684671856703,3.2840008878052482,-0.0713900064092874,0.032851124067962624,0.22042523170486006,0.23131619000026707,indicator
uk_abmi_e3_registered,78,1974 Q4,-5.883680844795691,3.1899335619377642,-0.08059936172742709,0.020764309477485587,0.18992713073572984,0.26425409564307184,indicator
uk_abmi_e3_registered,79,1975 Q1,0.07749204762035333,3.0909838492580253,-0.05549000909437769,0.02355644730545229,0.18371369558092104,0.2585606092446253,indicator
uk_abmi_e3_registered,80,1975 Q2,-6.532307008809823,2.785584493551007,-0.042282641966360966,0.06803134714933799,0.28282491351861605,0.12328924723616236,indicator
uk_abmi_e3_registered,81,1975 Q3,-1.2100115122784416,2.6637005963284808,-0.010720151267019931,0.0752091035665349,0.2796552341349532,0.1606803387208778,indicator
uk_abmi_e3_registered,82,1975 Q4,4.426219614502003,2.7338717727696076,-0.015717138574009994,0.06477918651746907,0.26249741869672827,0.07700865635704929,indicator
uk_abmi_e3_registered,83,1976 Q1,6.6372081422358065,2.8040531574012117,-0.0018343492580730845,0.05685216336824518,0.23935585558819913,0.09653379802744723,indicator
uk_abmi_e3_registered,84,1976 Q2,-0.5490418583612211,2.7802105320829176,-0.02223654242228988,0.05411466148450172,0.2440093990782801,0.12178170803781273,indicator
uk_abmi_e3_registered,85,1976 Q3,4.926617074252704,2.7998917820593765,-0.025051334647947985,0.05719935999631194,0.25201732132933347,0.059765257045671066,indicator
uk_abmi_e3_registered,86,1976 Q4,8.319310620966291,2.8851623701315625,-0.0018551475789468953,0.04810862716510126,0.22026632448856032,0.09057391251806544,indicator
uk_abmi_e3_registered,87,1977 Q1,0.25451400406595326,2.8762433664199474,-0.023247216600308197,0.0452631253448496,0.22469222075812506,0.10336351520952979,indicator
uk_abmi_e3_registered,88,1977 Q2,-2.75616035778512,2.8313142405421488,-0.018456296746562715,0.030411539585226053,0.1838611873654072,0.1859073290981022,indicator
uk_abmi_e3_registered,89,1977 Q3,2.583525251394292,2.824606424949816,-0.01721193800513937,0.030813197941823325,0.1843536877482095,0.15889844834104838,indicator
uk_abmi_e3_registered,90,1977 Q4,6.733788055248624,2.9045810626274227,-0.010133158420984011,0.020275272135819082,0.1475479546976597,0.21484414966360352,indicator
uk_abmi_e3_registered,91,1978 Q1,3.732544566342,2.9109501316964503,-0.004787392852573933,0.020194479551141807,0.14452113689336576,0.3437741404264262,indicator
uk_abmi_e3_registered,92,1978 Q2,4.5563013142214,2.9189093080473416,-6.972861077167002e-05,0.02284938240563101,0.15119499006992335,0.3398180357755042,indicator
uk_abmi_e3_registered,93,1978 Q3,5.405583887255716,2.9384285018121714,0.009641731801329278,0.023702911359534423,0.15885382376217755,0.31620607197617145,indicator
uk_abmi_e3_registered,94,1978 Q4,3.5444009624818307,2.9409950044217283,0.011878426588601415,0.02401938443464858,0.16103485697652598,0.3128285334726042,indicator
uk_abmi_e3_registered,95,1979 Q1,-1.2032913521828448,2.911956509088858,-0.0007047393422007792,0.01938474388083598,0.13958192129438576,0.3305561845820308,indicator
uk_abmi_e3_registered,96,1979 Q2,17.04581685050286,3.1225781508375583,-0.03835480334011284,0.022672745172242784,0.170968435354716,0.2988055978630553,indicator
uk_abmi_e3_registered,97,1979 Q3,-8.916842029756111,3.127602186750447,-0.2072447269336565,0.039449846496942,0.3276478993045837,0.19822760495551298,indicator
uk_abmi_e3_registered,98,1979 Q4,4.068840112190486,3.1203314147395043,-0.19471683386634925,0.0313704469323366,0.2994700402507623,0.15106815860389172,indicator
uk_abmi_e3_registered,99,1980 Q1,-3.957245846171986,2.973652818862555,-0.2057425591282336,0.05856426472241646,0.36582900407810615,0.24312081804504615,indicator
uk_abmi_e3_registered,100,1980 Q2,-7.880746865266985,2.7750901129280447,-0.15177696445059113,0.058590202239391584,0.3295600493625106,0.17488740300246214,indicator
uk_abmi_e3_registered,101,1980 Q3,-0.43717003552075084,2.657259937090683,-0.11745904462969273,0.07184789357312586,0.33313260240771975,0.21120741373411656,indicator
uk_abmi_e3_registered,102,1980 Q4,-4.108196946339859,2.5016276454981683,-0.10733894959263904,0.09712966118619785,0.36991316834784416,0.2764103829205278,indicator
uk_abmi_e3_registered,103,1981 Q1,-0.3397583158076145,2.4398995736373172,-0.0922928215329338,0.10165319952311594,0.3682996208230228,0.30574961753635377,indicator
uk_abmi_e3_registered,104,1981 Q2,1.2750892922760215,2.424667014699928,-0.09135553979212088,0.10361467940289626,0.37079488428035995,0.30627280421507896,indicator
uk_abmi_e3_registered,105,1981 Q3,4.62590956729656,2.45847648507599,-0.09004928784523551,0.10109482998781057,0.366150862952097,0.3063517349127242,indicator
uk_abmi_e3_registered,106,1981 Q4,0.5279641414830394,2.441971730093128,-0.09669757322361437,0.10166202199446107,0.37083851848135857,0.3058259363982528,indicator
uk_abmi_e3_registered,107,1982 Q1,0.6446550795878636,2.420430521745275,-0.09666279274931072,0.10012441883794933,0.36842566797830867,0.30148691742489925,indicator
uk_abmi_e3_registered,108,1982 Q2,4.1104987732381915,2.4434595759061812,-0.09672251347580699,0.09880984911879621,0.3664000283869992,0.2514662081269817,indicator
uk_abmi_e3_registered,109,1982 Q3,0.8565254600753747,2.430287805086854,-0.10149219772605389,0.09953177603064063,0.3702878685590351,0.29388094792307995,indicator
uk_abmi_e3_registered,110,1982 Q4,2.723138538741665,2.430006076819764,-0.10150248776225776,0.09951625496364065,0.3702695433869983,0.30094443018880046,indicator
uk_abmi_e3_registered,111,1983 Q1,7.779069217217938,2.491599355517389,-0.08817210996944974,0.09644119880642861,0.35774953556629463,0.443514261663195,indicator
uk_abmi_e3_registered,112,1983 Q2,2.7596201797017272,2.4948587941705087,-0.08257193141815587,0.09665928704932683,0.3549160312542326,0.4481051645992229,indicator
uk_abmi_e3_registered,113,1983 Q3,4.595310599878388,2.501207055730186,-0.07845416870203753,0.09962258646237779,0.35728580630194995,0.40930308441143104,indicator
uk_abmi_e3_registered,114,1983 Q4,2.992555613293746,2.50534264023154,-0.07580512126767765,0.09971052724478591,0.3559389285972963,0.4024981829405007,indicator
uk_abmi_e3_registered,115,1984 Q1,3.395283908222524,2.5097510932154643,-0.07395082316997217,0.10019536953840223,0.35566421057277814,0.457543511617678,indicator
uk_abmi_e3_registered,116,1984 Q2,-4.010110994479987,2.4587706435169,-0.09560177500292269,0.09904100996473528,0.36611823671551635,0.49064847819193497,indicator
uk_abmi_e3_registered,117,1984 Q3,2.9149788978962476,2.455089594888978,-0.09410287259045379,0.09902132394098362,0.3652261706762387,0.5038049995773394,indicator
uk_abmi_e3_registered,118,1984 Q4,7.195843109590783,2.5351319868345605,-0.08016860133609742,0.08679965569186265,0.33741644970664353,0.3813768199878658,indicator
uk_abmi_e3_registered,119,1985 Q1,3.8902367261073323,2.5416658036040287,-0.06685402663442251,0.0873295758048185,0.33082731766158735,0.38616762956408457,indicator
uk_abmi_e3_registered,120,1985 Q2,8.3963697337893,2.5571322466100757,-0.04459821619190284,0.09634871303978021,0.3334999488108427,0.45716025311780056,indicator
uk_abmi_e3_registered,121,1985 Q3,-0.07319611150577998,2.5530766891983507,-0.06836267589322671,0.094828984772362,0.34401572699370186,0.4884904117216964,indicator
uk_abmi_e3_registered,122,1985 Q4,0.26294737658432155,2.5365113888667397,-0.06572688125450844,0.08895763414488662,0.33292616719413004,0.4592708650539525,indicator
uk_abmi_e3_registered,123,1986 Q1,4.149460867704846,2.5580955173834554,-0.06677888458156372,0.08733871287470134,0.3308008874827765,0.4416140199823079,indicator
uk_abmi_e3_registered,124,1986 Q2,3.547760108985898,2.569110274951676,-0.061503070221418966,0.08639716647653767,0.32628972788484634,0.47111425402977863,indicator
uk_abmi_e3_registered,125,1986 Q3,2.5388135023433733,2.5681552326403314,-0.0621229471445009,0.08630439540353219,0.3264750997711985,0.4722524784324211,indicator
uk_abmi_e3_registered,126,1986 Q4,7.662283001219805,2.6033424752396352,-0.05038161947439499,0.08782465538419006,0.32261177786050543,0.537941768615306,indicator
uk_abmi_e3_registered,127,1987 Q1,2.8201871015184565,2.6043097085852938,-0.0470840003529673,0.08785745207879538,0.32088301290615223,0.535995946417688,indicator
uk_abmi_e3_registered,128,1987 Q2,5.8912844798349795,2.611708521151354,-0.039627438020316874,0.09246535391374328,0.3245397227820006,0.5818163585055948,indicator
uk_abmi_e3_registered,129,1987 Q3,9.82059181573689,2.6399198621003634,0.006995946761482692,0.09314410062628327,0.3087132030860358,0.5742431263631812,indicator
uk_abmi_e3_registered,130,1987 Q4,4.585280456376495,2.6358918007370713,0.02111021069707787,0.09457836050174336,0.31827213567130497,0.5710774468592117,indicator
uk_abmi_e3_registered,131,1988 Q1,6.469353150176715,2.632501777412914,0.03347505144229289,0.10096427717052148,0.33492681205522074,0.5822350841195421,indicator
uk_abmi_e3_registered,132,1988 Q2,2.1326765471179954,2.630412216812987,0.025711923794790568,0.10037008416531057,0.3299290763704106,0.5820222042785366,indicator
uk_abmi_e3_registered,133,1988 Q3,4.9688863034866415,2.6378239291996106,0.0281017570190141,0.10223973854519776,0.334108944697639,0.5972694560205072,indicator
uk_abmi_e3_registered,134,1988 Q4,3.208524380163169,2.6390008494056727,0.02916239257779386,0.10217461084514573,0.3345612302447065,0.5669407474342115,indicator
uk_abmi_e3_registered,135,1989 Q1,1.9910018038956423,2.6332043116155797,0.025597526835380816,0.10138298476910981,0.3314628390743791,0.6552620595447185,indicator
uk_abmi_e3_registered,136,1989 Q2,2.489752743696272,2.629233075617089,0.02487217974161098,0.10134983894529297,0.33103379117539383,0.6512643601428205,indicator
uk_abmi_e3_registered,137,1989 Q3,0.6594887806322447,2.6110107734171004,0.020170015681852605,0.10210544210700266,0.32978353691191564,0.5652986513349175,indicator
uk_abmi_e3_registered,138,1989 Q4,-0.06886678399808943,2.5824488825443206,0.020997763707726748,0.10256575309586609,0.330929809849348,0.5604454577049287,indicator
uk_abmi_e3_registered,139,1990 Q1,2.0608633027293877,2.5753015405121666,0.02172329683690437,0.10300329747394606,0.33198665971516217,0.5555988139412025,indicator
uk_abmi_e3_registered,140,1990 Q2,2.66753455930413,2.5758635921057347,0.021819192141816504,0.10294922752247822,0.33195203377799487,0.37860692565293513,indicator
uk_abmi_e3_registered,141,1990 Q3,-4.386299789842951,2.521830366462577,0.0026595847359323146,0.10506699653801936,0.32547291644398485,0.3621002427950075,indicator
uk_abmi_e3_registered,142,1990 Q4,-2.0325166087445723,2.452118038918006,0.03782278855728433,0.10526201310964584,0.34390316947181243,0.380758538454415,indicator
uk_abmi_e3_registered,143,1991 Q1,-1.9798007285089625,2.382101048777583,0.052738765730707377,0.1141694233277453,0.36528643419273216,0.5400794800276623,indicator
uk_abmi_e3_registered,144,1991 Q2,-0.48363718127859556,2.3431761507189517,0.06225300004107688,0.11793712420361832,0.37595396877432974,0.5575568188113587,indicator
uk_abmi_e3_registered,145,1991 Q3,-0.7823324029700984,2.303941620008593,0.06676540580726861,0.12217301873151845,0.38450579184064904,0.5933404169325862,indicator
uk_abmi_e3_registered,146,1991 Q4,0.5135112298795264,2.282943731096745,0.07021298803768733,0.12382205150797668,0.38873697549671593,0.6188093281286684,indicator
uk_abmi_e3_registered,147,1992 Q1,-0.04285672198420798,2.2569561251780557,0.07036073622693634,0.12630891711522152,0.39231700221282884,0.6259040208034676,indicator
uk_abmi_e3_registered,148,1992 Q2,-0.60691530378989,2.2254594955393223,0.07314764416491032,0.12825879652963676,0.3965688789809574,0.6399172752361642,indicator
uk_abmi_e3_registered,149,1992 Q3,1.9119840281604183,2.2224100389601404,0.07362884759833098,0.1284738713649211,0.3971325792737206,0.6540314515985218,indicator
uk_abmi_e3_registered,150,1992 Q4,3.0650920303081364,2.2300112862528314,0.07540574196154749,0.12765415961206047,0.3969738913710264,0.6479729486227214,indicator
uk_abmi_e3_registered,151,1993 Q1,2.0634622418320703,2.2257907336845597,0.07275776414398026,0.1278377441580084,0.3957688752810612,0.6364661909790862,indicator
uk_abmi_e3_registered,152,1993 Q2,1.762198493283762,2.2192864847634626,0.07026562836474795,0.1277372930685022,0.39425898657986913,0.6359430759493597,indicator
uk_abmi_e3_registered,153,1993 Q3,3.6354909339564756,2.226975304498505,0.07235879522374362,0.12752708004711016,0.3951167582455457,0.6315292653580231,indicator
uk_abmi_e3_registered,154,1993 Q4,2.715171239482572,2.226977683042563,0.07236093489494805,0.12752694219359273,0.39511774388767673,0.648442504153461,indicator
uk_abmi_e3_registered,155,1994 Q1,3.9919680464890916,2.232637002185106,0.07639298862621198,0.1278216941461113,0.39775270177436295,0.660283230537623,indicator
uk_abmi_e3_registered,156,1994 Q2,3.627251458202352,2.2359662250513646,0.08074350547652774,0.12778350711138295,0.4001124726054238,0.748752390024965,indicator
uk_abmi_e3_registered,157,1994 Q3,4.012369204750144,2.2395973750673,0.0857948001281297,0.12812321648921252,0.403401773715022,0.7525771143089669,indicator
uk_abmi_e3_registered,158,1994 Q4,1.7154793489005726,2.2348940830304422,0.07801162002344952,0.1278319644794831,0.39866317152981445,0.6960796031738555,indicator
uk_abmi_e3_registered,159,1995 Q1,2.1039854456795126,2.230563472177938,0.07656013111692148,0.1275227230240556,0.39742918005439776,0.7453287572713823,indicator
uk_abmi_e3_registered,160,1995 Q2,0.8629071340131134,2.218445334852678,0.07191543145169094,0.12809655706563522,0.3956652557995225,0.7802708462025324,indicator
uk_abmi_e3_registered,161,1995 Q3,4.474224694334339,2.2336392223340185,0.07276474497934456,0.1277661886995576,0.3956731540685139,0.8011188986328498,indicator
uk_abmi_e3_registered,162,1995 Q4,1.3092980829206624,2.227093431155681,0.06326676484959168,0.12862929642128973,0.3916750012758991,0.8065891209265519,indicator
uk_abmi_e3_registered,163,1996 Q1,2.8155614487495484,2.2267164794045637,0.0631835248556631,0.12859016650629776,0.3915753814434672,0.81121619758584,indicator
uk_abmi_e3_registered,164,1996 Q2,1.2629849821024663,2.2186621923982526,0.05785071097136028,0.12918649401687596,0.3895126128962117,0.7976714588513663,indicator
uk_abmi_e3_registered,165,1996 Q3,3.5590303490266706,2.224685083042774,0.05891498239987092,0.12922931746884717,0.39014719337708587,0.8066017663172069,indicator
uk_abmi_e3_registered,166,1996 Q4,5.35464098536238,2.238830000143304,0.07420685369101002,0.1279218706127426,0.39668448154169217,0.7791533808769817,indicator
uk_abmi_e3_registered,167,1997 Q1,6.364966699763386,2.2424457913654354,0.10253819036076942,0.12857035625344998,0.41348294965597665,0.7630668146079591,indicator
uk_abmi_e3_registered,168,1997 Q2,4.428860333045748,2.24122698708011,0.11099091370621889,0.12915244033697332,0.41913289451362956,0.7889397408861227,indicator
uk_abmi_e3_registered,169,1997 Q3,3.577696185779189,2.241227754541161,0.11113811341720746,0.12917574906585821,0.4192497808738284,0.7447154798883351,indicator
uk_abmi_e3_registered,170,1997 Q4,5.837137934707215,2.2478748734205998,0.12428607107238161,0.13032817193296498,0.42846247100012747,0.8107261640980943,indicator
uk_abmi_e3_registered,171,1998 Q1,2.8440515577017322,2.2475832616064313,0.11906163205603311,0.13027640520476957,0.42534541833597683,0.7655264167226299,indicator
uk_abmi_e3_registered,172,1998 Q2,2.2984370660054765,2.2452514171786566,0.11535269196996803,0.12934950417401714,0.4219236041218116,0.7502161909034716,indicator
uk_abmi_e3_registered,173,1998 Q3,0.6328658799347409,2.233511706725621,0.10917752059015481,0.12939102272319994,0.4184169552906733,0.7603583332152257,indicator
uk_abmi_e3_registered,174,1998 Q4,2.5919983907336075,2.2334505122208452,0.1091788553107341,0.1293919698630186,0.4184190244101654,0.758581911958603,indicator
uk_abmi_e3_registered,175,1999 Q1,2.728497781816941,2.2342957097368417,0.10963248026532786,0.12930053637046582,0.4185542729980047,0.7560438890170574,indicator
uk_abmi_e3_registered,176,1999 Q2,1.4554143038466805,2.2276674629090203,0.10440732824091364,0.12944401824889415,0.4157545419855716,0.7532379838890102,indicator
uk_abmi_e3_registered,177,1999 Q3,6.6390237883105385,2.251634348041499,0.1097630525246278,0.1294011206959293,0.418767638419415,0.7735230986829866,indicator
uk_abmi_e3_registered,178,1999 Q4,6.3854744219973725,2.2533552353185367,0.14390091265178204,0.1276047009955089,0.43634251052166084,0.7905580677164112,indicator
uk_abmi_e3_registered,179,2000 Q1,5.299290172040827,2.2494329182931,0.1561244487469008,0.12885905851147703,0.4454214074431104,0.7878075137271943,indicator
uk_abmi_e3_registered,180,2000 Q2,2.871727188282591,2.2509190879230294,0.14840525624299036,0.12792830441013273,0.43948927505821206,0.7414633019281538,indicator
uk_abmi_e3_registered,181,2000 Q3,2.428149999403928,2.248724234526898,0.14520140703705695,0.12729808254364863,0.4367008884883166,0.6835282731512478,indicator
uk_abmi_e3_registered,182,2000 Q4,2.3677413076612197,2.2458540771408924,0.14348705754065202,0.1273217953559573,0.43570634181085616,0.6672486202278749,indicator
uk_abmi_e3_registered,183,2001 Q1,3.3112414837333404,2.248002782047132,0.1446636973839554,0.12725089579789628,0.43631370556549753,0.6045213692362418,indicator
uk_abmi_e3_registered,184,2001 Q2,1.6393448996247173,2.242535899794968,0.13836470872096063,0.12757312583399966,0.43299456414577425,0.5893262371027146,indicator
uk_abmi_e3_registered,185,2001 Q3,1.8809544091247687,2.2371824589131344,0.13681603527712644,0.12743360295701064,0.43188189542656685,0.5129170620982597,indicator
uk_abmi_e3_registered,186,2001 Q4,1.074993426916393,2.2270064253860475,0.13339782995743127,0.1280549677811134,0.4307095096603146,0.4524176680021228,indicator
uk_abmi_e3_registered,187,2002 Q1,1.212713613595895,2.2171310405010938,0.1325243998129817,0.12842758906926902,0.43070460716135023,0.48998120625589114,indicator
uk_abmi_e3_registered,188,2002 Q2,2.1023183601641904,2.2140475335501457,0.13212869526686044,0.1286406871274103,0.43076310709888416,0.533313915366616,indicator
uk_abmi_e3_registered,189,2002 Q3,2.339435813762236,2.2121650866636315,0.1312964015469152,0.1287980516285493,0.430487532388542,0.5244455603513939,indicator
uk_abmi_e3_registered,190,2002 Q4,2.6312103175854418,2.211365741444748,0.13079438345081018,0.12883729642488656,0.4302452273655274,0.5239959358047113,indicator
uk_abmi_e3_registered,191,2003 Q1,3.3625299233328576,2.2135850357193654,0.1326951657055346,0.12874351512016055,0.4312386856088709,0.5370526673036138,indicator
uk_abmi_e3_registered,192,2003 Q2,3.695493025765728,2.2157428757678024,0.13632410098811595,0.12865501917359895,0.43326626068774154,0.5264865467258588,indicator
uk_abmi_e3_registered,193,2003 Q3,4.150313116639381,2.217754569870957,0.14213475013807866,0.1287341428336576,0.4368333038170039,0.5234073888383033,indicator
uk_abmi_e3_registered,194,2003 Q4,3.1216281820761083,2.2175787168464627,0.1410585759732166,0.1287089692023092,0.43615662512950726,0.5193547573297412,indicator
uk_abmi_e3_registered,195,2004 Q1,1.266919446445769,2.2134601786901746,0.1321776195783081,0.12806283333561846,0.42999891423112396,0.47565413940282386,indicator
uk_abmi_e3_registered,196,2004 Q2,1.9176744596848039,2.2086893342678366,0.1313162886117797,0.12796810936539518,0.4293600844699316,0.49556442857957755,indicator
uk_abmi_e3_registered,197,2004 Q3,1.4275687839393925,2.201529579533141,0.12839337966512596,0.12854384888004328,0.42842884638316403,0.5320457130144579,indicator
uk_abmi_e3_registered,198,2004 Q4,1.821285604926004,2.1965553088898004,0.12722274726706034,0.1287534122185319,0.4280284685592163,0.5046915682637765,indicator
uk_abmi_e3_registered,199,2005 Q1,3.074100818130887,2.199279326983168,0.12829850740392268,0.12855839415246847,0.4283930194728899,0.5309195377757353,indicator
uk_abmi_e3_registered,200,2005 Q2,3.3147062653604564,2.2010780213881542,0.1307186979005622,0.1283868222016744,0.42958272367639483,0.40021710980878555,indicator
uk_abmi_e3_registered,201,2005 Q3,3.665444842370391,2.202555986039847,0.13417187522064275,0.12839819630499194,0.4316387037910869,0.2929825873157573,indicator
uk_abmi_e3_registered,202,2005 Q4,4.162431642141229,2.2041973517740936,0.14056480514214817,0.12847527591439054,0.435542436006917,0.36054848121686883,indicator
uk_abmi_e3_registered,203,2006 Q1,1.4376150946411315,2.203211895433429,0.12764598567757898,0.128194807428688,0.4275099211763202,0.38646416510583903,indicator
uk_abmi_e3_registered,204,2006 Q2,1.0596468617038113,2.1953571105342107,0.12509682014617501,0.1274045967173741,0.42492514817867455,0.34012792000754044,indicator
uk_abmi_e3_registered,205,2006 Q3,0.6283078928923658,2.182451255846056,0.12374501905245316,0.12812676843044546,0.42512858430752803,0.2773657320955985,indicator
uk_abmi_e3_registered,206,2006 Q4,1.4200473545088244,2.174893239477394,0.12391869790273706,0.1285907038757736,0.4258682177609251,0.3538445469111749,indicator
uk_abmi_e3_registered,207,2007 Q1,4.366582354045789,2.188084733710145,0.1270518225989926,0.12735853861417434,0.4260091247323473,0.37024991643082117,indicator
uk_abmi_e3_registered,208,2007 Q2,3.7437316111343932,2.1894442805327956,0.13362357459641502,0.12694119731435433,0.42931008003395993,0.43797597236616487,indicator
uk_abmi_e3_registered,209,2007 Q3,3.751807494721504,2.189625953162166,0.1369120389397989,0.12714328186477913,0.4315393548991675,0.44164814931144586,indicator
uk_abmi_e3_registered,210,2007 Q4,3.366714918509217,2.1897758135550744,0.13812560788472694,0.12718144756061275,0.43231356918449493,0.44530311211606066,indicator
uk_abmi_e3_registered,211,2008 Q1,1.4931787823179832,2.1875478698746202,0.12890557386289045,0.12682351927831906,0.42636117454017325,0.4527117487928951,indicator
uk_abmi_e3_registered,212,2008 Q2,-2.152742561585086,2.1650757406368357,0.121013988859188,0.12590218361451988,0.4204559908018895,0.5543351715010102,indicator
uk_abmi_e3_registered,213,2008 Q3,-6.621306054442044,2.066008827109037,0.1760016240240288,0.12772200958543733,0.4560580799747749,0.6506808951042385,indicator
uk_abmi_e3_registered,214,2008 Q4,-8.554822243880267,1.8971425183457233,0.30775421345371123,0.1366637897528488,0.5543043207464287,0.6390643031559197,indicator
uk_abmi_e3_registered,215,2009 Q1,-8.174580776194063,1.7658229653057214,0.4075252423228113,0.14869432184439563,0.6398973797245844,0.6765520946324892,indicator
uk_abmi_e3_registered,216,2009 Q2,-1.1585457153529433,1.7963558079963793,0.3863057917617095,0.14515029590316011,0.6203043176159585,0.9236968562079664,indicator
uk_abmi_e3_registered,217,2009 Q3,0.49599468845613615,1.8008634232251304,0.38585020607263,0.14422080201180543,0.6188839008012845,0.7082780723895384,indicator
uk_abmi_e3_registered,218,2009 Q4,1.3312611297010335,1.796798303258236,0.3856312217043491,0.14471416117158942,0.6193036188428878,0.6974611632206855,indicator
uk_abmi_e3_registered,219,2010 Q1,3.3448695596845823,1.8032680610689018,0.38722728788206984,0.14410338633858052,0.6197469909800883,0.7239604166458607,indicator
uk_abmi_e3_registered,220,2010 Q2,4.543150090128023,1.8095318775701503,0.39348386100393123,0.14329390209277126,0.6233580217484299,0.7316684829475717,indicator
uk_abmi_e3_registered,221,2010 Q3,2.344662621251814,1.8043325639638577,0.38184556865153535,0.14367810158832128,0.6153395737710309,0.7272013033312765,indicator
uk_abmi_e3_registered,222,2010 Q4,0.20219087673041258,1.793127155716614,0.37280343141738365,0.1424590643777638,0.6073585590987332,0.7414113072444319,indicator
uk_abmi_e3_registered,223,2011 Q1,0.6553569647287816,1.7836295049528985,0.3736460744875109,0.14240184961086755,0.6078986799207562,0.7395047403228241,indicator
uk_abmi_e3_registered,224,2011 Q2,-0.19197617605399842,1.7676689000767818,0.37242616842594956,0.14379694179013433,0.6086728509627124,0.7358133775637785,indicator
uk_abmi_e3_registered,225,2011 Q3,0.6947709664373747,1.7596828083045384,0.3735598164727555,0.14421660209886925,0.6099859292470186,0.73520464386158,indicator
uk_abmi_e3_registered,226,2011 Q4,0.3310902744594557,1.747726470168878,0.3723794300685507,0.14542535572317902,0.6105621525319569,0.7286530495064171,indicator
uk_abmi_e3_registered,227,2012 Q1,3.756580552588673,1.7599609754625611,0.3722618732932428,0.14465782751123257,0.6095722585416168,0.7258833672940996,indicator
uk_abmi_e3_registered,228,2012 Q2,-0.21211867978720989,1.7433803254164364,0.3503579593153822,0.1478568657247385,0.5977242915931665,0.6446240988161538,indicator
uk_abmi_e3_registered,229,2012 Q3,4.123758601141958,1.7535555656984898,0.34754085723314043,0.14879630649908104,0.5968454436678818,0.5262413208589554,indicator
uk_abmi_e3_registered,230,2012 Q4,-0.5779139077255024,1.7357691934045631,0.3207219574712036,0.15287388340585395,0.5829595197966118,0.5493419577879162,indicator
uk_abmi_e3_registered,231,2013 Q1,1.0597917706292037,1.7297786629803102,0.3232080746853439,0.15216695556165405,0.5838395408796268,0.5951390001363195,indicator
uk_abmi_e3_registered,232,2013 Q2,2.6516531484745087,1.7344070796440572,0.3241916554901514,0.15160069368561233,0.5838490151165212,0.5742667250799363,indicator
uk_abmi_e3_registered,233,2013 Q3,3.052722849240297,1.7358557941941237,0.3255120998009656,0.1514345968477604,0.5845665863110481,0.5969278206902975,indicator
uk_abmi_e3_registered,234,2013 Q4,2.629095166106765,1.7340440115693254,0.32297178200956295,0.15151274140797233,0.5829006918857905,0.5812913158701585,indicator
uk_abmi_e3_registered,235,2014 Q1,3.1915367228641855,1.7345726234956433,0.323585149134304,0.15151272305098995,0.5833249698063049,0.5975591125409918,indicator
uk_abmi_e3_registered,236,2014 Q2,3.745796785657518,1.736540484524871,0.3267003834992255,0.15141240341187087,0.5853640405229747,0.6043833773608381,indicator
uk_abmi_e3_registered,237,2014 Q3,3.2429490673237638,1.7360204527840817,0.3254218851520371,0.1514269892496271,0.5844950580706677,0.6050318655559854,indicator
uk_abmi_e3_registered,238,2014 Q4,2.6309296912494062,1.7341267202343158,0.3215550257673219,0.15133230082659763,0.581707090694075,0.6053910484720549,indicator
uk_abmi_e3_registered,239,2015 Q1,1.2127795381552176,1.7279739597502197,0.31380231743501774,0.15123240624160733,0.5762463385497137,0.5806025951696934,indicator
uk_abmi_e3_registered,240,2015 Q2,1.822044875483897,1.7247301879467412,0.3128344536918475,0.15121052043245134,0.5755554728777319,0.5736578253570773,indicator
uk_abmi_e3_registered,241,2015 Q3,1.5479649635729231,1.7200626709204907,0.3101917942650467,0.15160151917857975,0.5742095529419255,0.6023430173144959,indicator
uk_abmi_e3_registered,242,2015 Q4,2.3898844789371765,1.7196425015227754,0.3099974219553063,0.15162070657636337,0.5740993038919289,0.606046217417888,indicator
uk_abmi_e3_registered,243,2016 Q1,2.008557088817753,1.7167141782486526,0.30720610281533767,0.15188081458893835,0.5725000697674147,0.6071600973139287,indicator
uk_abmi_e3_registered,244,2016 Q2,2.9314856469945028,1.7176682502330798,0.3079591802992122,0.15185587508433104,0.5729850665660507,0.6176400541802685,indicator
uk_abmi_e3_registered,245,2016 Q3,1.7620419976822177,1.7136716125820963,0.3018836619234956,0.1522039710760519,0.5692567929343466,0.6266287641499342,indicator
uk_abmi_e3_registered,246,2016 Q4,2.4683477480941463,1.712802186112529,0.301289560256793,0.1521880218879041,0.5688335791986693,0.6388259736260229,indicator
uk_abmi_e3_registered,247,2017 Q1,3.797800755254599,1.7169638126785476,0.30593628292210884,0.15184709471643637,0.5715924921843318,0.6262695279477624,indicator
uk_abmi_e3_registered,248,2017 Q2,3.398018120910251,1.7172856260606515,0.30695920959962963,0.15181165685813294,0.5722488084760645,0.6211689354787091,indicator
uk_abmi_e3_registered,249,2017 Q3,2.6979052081891552,1.7161340356625425,0.30308478508406084,0.15171152636172344,0.5694857177657816,0.6406026434939109,indicator
uk_abmi_e3_registered,250,2017 Q4,2.990955889906388,1.7159804973168569,0.30281582398290213,0.1517049584518355,0.5692946361948487,0.6943836682440426,indicator
uk_abmi_e3_registered,251,2018 Q1,0.31392448260092465,1.7086436375146619,0.28837767957302685,0.15199732326769108,0.5598662926110225,0.695671236747144,indicator
uk_abmi_e3_registered,252,2018 Q2,0.8693060593842006,1.7016657054396729,0.2891231628027255,0.15167609340135704,0.5599820241080499,0.6362392111350139,indicator
uk_abmi_e3_registered,253,2018 Q3,1.2662513963498156,1.697270196749949,0.28840823529604026,0.1520856350159617,0.5599930816220604,0.46889957159913054,indicator
uk_abmi_e3_registered,254,2018 Q4,0.5186711744407546,1.6884558078496805,0.2853225380559325,0.15282225040851524,0.5588036582280873,0.46121943051293357,indicator
uk_abmi_e3_registered,255,2019 Q1,2.0102846219934634,1.6883432267061071,0.2853202221534342,0.15282730890156096,0.5588081811118697,0.52425435376459,indicator
uk_abmi_e3_registered,256,2019 Q2,0.8520408436282878,1.681414684171486,0.27986958150118135,0.15371892544923396,0.5562287627363085,0.5501877390687028,indicator
uk_abmi_e3_registered,257,2019 Q3,2.1964700606474707,1.6812548064236288,0.2798421719735771,0.153721502303183,0.5562135464120348,0.5918572058437918,indicator
uk_abmi_e3_registered,258,2019 Q4,0.02386040470980788,1.6711666424448457,0.269866563384981,0.1549640145234462,0.5510714859368872,0.6128782907593001,indicator
