data_kind,r1,r2,loglik
uk_abmi_e3_registered,0.0,0.0,-705.4755184100107
uk_abmi_e3_registered,0.0,1e-08,-705.4755939642862
uk_abmi_e3_registered,0.0,3.162277660168379e-08,-705.4757587014831
uk_abmi_e3_registered,0.0,1e-07,-705.4762918043574
uk_abmi_e3_registered,0.0,3.162277660168379e-07,-705.4780946804063
uk_abmi_e3_registered,0.0,1e-06,-705.4848374365372
uk_abmi_e3_registered,0.0,3.162277660168379e-06,-705.5135515187228
uk_abmi_e3_registered,0.0,1e-05,-705.6337335095924
uk_abmi_e3_registered,0.0,3.1622776601683795e-05,-706.0296554368709
uk_abmi_e3_registered,0.0,0.0001,-707.0634327762288
uk_abmi_e3_registered,0.0,0.00031622776601683794,-709.3747461282455
uk_abmi_e3_registered,0.0,0.001,-713.7308772873504
uk_abmi_e3_registered,0.0,0.0031622776601683794,-720.7741914688668
uk_abmi_e3_registered,0.0,0.01,-731.2803598799776
uk_abmi_e3_registered,0.0,0.03162277660168379,-746.6114197629898
uk_abmi_e3_registered,0.0,0.1,-768.6554055499527
uk_abmi_e3_registered,1e-08,0.0,-705.4730525402158
uk_abmi_e3_registered,1e-08,1e-08,-705.4731294144591
uk_abmi_e3_registered,1e-08,3.162277660168379e-08,-705.4732969964323
uk_abmi_e3_registered,1e-08,1e-07,-705.4738390117384
uk_abmi_e3_registered,1e-08,3.162277660168379e-07,-705.4756692628928
uk_abmi_e3_registered,1e-08,1e-06,-705.4824912508287
uk_abmi_e3_registered,1e-08,3.162277660168379e-06,-705.5114003304119
uk_abmi_e3_registered,1e-08,1e-05,-705.6319192096403
uk_abmi_e3_registered,1e-08,3.1622776601683795e-05,-706.0281806066331
uk_abmi_e3_registered,1e-08,0.0001,-707.0621393477473
uk_abmi_e3_registered,1e-08,0.00031622776601683794,-709.3734712391372
uk_abmi_e3_registered,1e-08,0.001,-713.7295543607294
uk_abmi_e3_registered,1e-08,0.0031622776601683794,-720.7728604142716
uk_abmi_e3_registered,1e-08,0.01,-731.2791444969188
uk_abmi_e3_registered,1e-08,0.03162277660168379,-746.6104703741274
uk_abmi_e3_registered,1e-08,0.1,-768.6547764706495
uk_abmi_e3_registered,3.162277660168379e-08,0.0,-705.4677387466602
uk_abmi_e3_registered,3.162277660168379e-08,1e-08,-705.4678184587773
uk_abmi_e3_registered,3.162277660168379e-08,3.162277660168379e-08,-705.4679921569059
uk_abmi_e3_registered,3.162277660168379e-08,1e-07,-705.4685533338841
uk_abmi_e3_registered,3.162277660168379e-08,3.162277660168379e-07,-705.4704424428395
uk_abmi_e3_registered,3.162277660168379e-08,1e-06,-705.4774347962991
uk_abmi_e3_registered,3.162277660168379e-08,3.162277660168379e-06,-705.5067632496173
uk_abmi_e3_registered,3.162277660168379e-08,1e-05,-705.6280069679333
uk_abmi_e3_registered,3.162277660168379e-08,3.1622776601683795e-05,-706.0249991566108
uk_abmi_e3_registered,3.162277660168379e-08,0.0001,-707.0593484460803
uk_abmi_e3_registered,3.162277660168379e-08,0.00031622776601683794,-709.3707198869068
uk_abmi_e3_registered,3.162277660168379e-08,0.001,-713.7266990179908
uk_abmi_e3_registered,3.162277660168379e-08,0.0031622776601683794,-720.7699871743761
uk_abmi_e3_registered,3.162277660168379e-08,0.01,-731.2765204865323
uk_abmi_e3_registered,3.162277660168379e-08,0.03162277660168379,-746.6084201750562
uk_abmi_e3_registered,3.162277660168379e-08,0.1,-768.6534176023025
uk_abmi_e3_registered,1e-07,0.0,-705.4510963783517
uk_abmi_e3_registered,1e-07,1e-08,-705.4511849204023
uk_abmi_e3_registered,1e-07,3.162277660168379e-08,-705.451377648793
uk_abmi_e3_registered,1e-07,1e-07,-705.4519984483306
uk_abmi_e3_registered,1e-07,3.162277660168379e-07,-705.454070710003
uk_abmi_e3_registered,1e-07,1e-06,-705.4615933220874
uk_abmi_e3_registered,1e-07,3.162277660168379e-06,-705.4922278306062
uk_abmi_e3_registered,1e-07,1e-05,-705.615731611168
uk_abmi_e3_registered,1e-07,3.1622776601683795e-05,-706.0150059417839
uk_abmi_e3_registered,1e-07,0.0001,-707.0505751608506
uk_abmi_e3_registered,1e-07,0.00031622776601683794,-709.3620668760459
uk_abmi_e3_registered,1e-07,0.001,-713.717716099265
uk_abmi_e3_registered,1e-07,0.0031622776601683794,-720.7609447911055
uk_abmi_e3_registered,1e-07,0.01,-731.2682583344169
uk_abmi_e3_registered,1e-07,0.03162277660168379,-746.6019605671181
uk_abmi_e3_registered,1e-07,0.1,-768.6491328224814
uk_abmi_e3_registered,3.162277660168379e-07,0.0,-705.4000345162661
uk_abmi_e3_registered,3.162277660168379e-07,1e-08,-705.4001495977357
uk_abmi_e3_registered,3.162277660168379e-07,3.162277660168379e-08,-705.4003995254666
uk_abmi_e3_registered,3.162277660168379e-07,1e-07,-705.4011995461105
uk_abmi_e3_registered,3.162277660168379e-07,3.162277660168379e-07,-705.4038224791894
uk_abmi_e3_registered,3.162277660168379e-07,1e-06,-705.4129404765105
uk_abmi_e3_registered,3.162277660168379e-07,3.162277660168379e-06,-705.4475116455666
uk_abmi_e3_registered,3.162277660168379e-07,1e-05,-705.5778529166464
uk_abmi_e3_registered,3.162277660168379e-07,3.1622776601683795e-05,-705.9840647174517
uk_abmi_e3_registered,3.162277660168379e-07,0.0001,-707.0233449619881
uk_abmi_e3_registered,3.162277660168379e-07,0.00031622776601683794,-709.335170540584
uk_abmi_e3_registered,3.162277660168379e-07,0.001,-713.6897664839496
uk_abmi_e3_registered,3.162277660168379e-07,0.0031622776601683794,-720.732779376211
uk_abmi_e3_registered,3.162277660168379e-07,0.01,-731.2424829607039
uk_abmi_e3_registered,3.162277660168379e-07,0.03162277660168379,-746.5817674185341
uk_abmi_e3_registered,3.162277660168379e-07,0.1,-768.6357052536964
uk_abmi_e3_registered,1e-06,0.0,-705.2528576506206
uk_abmi_e3_registered,1e-06,1e-08,-705.2530444884413
uk_abmi_e3_registered,1e-06,3.162277660168379e-08,-705.253449081816
uk_abmi_e3_registered,1e-06,1e-07,-705.2547338195482
uk_abmi_e3_registered,1e-06,3.162277660168379e-07,-705.2588471093852
uk_abmi_e3_registered,1e-06,1e-06,-705.2722917373335
uk_abmi_e3_registered,1e-06,3.162277660168379e-06,-705.317596872138
uk_abmi_e3_registered,1e-06,1e-05,-705.4667897310584
uk_abmi_e3_registered,1e-06,3.1622776601683795e-05,-705.8924053871356
uk_abmi_e3_registered,1e-06,0.0001,-706.9420761094793
uk_abmi_e3_registered,1e-06,0.00031622776601683794,-709.2545347627236
uk_abmi_e3_registered,1e-06,0.001,-713.6057167149703
uk_abmi_e3_registered,1e-06,0.0031622776601683794,-720.6477968303599
uk_abmi_e3_registered,1e-06,0.01,-731.1643376725501
uk_abmi_e3_registered,1e-06,0.03162277660168379,-746.5201597534636
uk_abmi_e3_registered,1e-06,0.1,-768.5944248425458
uk_abmi_e3_registered,3.162277660168379e-06,0.0,-704.8973088672242
uk_abmi_e3_registered,3.162277660168379e-06,1e-08,-704.8976384510465
uk_abmi_e3_registered,3.162277660168379e-06,3.162277660168379e-08,-704.8983507871073
uk_abmi_e3_registered,3.162277660168379e-06,1e-07,-704.9006005477822
uk_abmi_e3_registered,3.162277660168379e-06,3.162277660168379e-07,-704.9076864032064
uk_abmi_e3_registered,3.162277660168379e-06,1e-06,-704.9298076589724
uk_abmi_e3_registered,3.162277660168379e-06,3.162277660168379e-06,-704.9969533242339
uk_abmi_e3_registered,3.162277660168379e-06,1e-05,-705.185680106969
uk_abmi_e3_registered,3.162277660168379e-06,3.1622776601683795e-05,-705.6536008716946
uk_abmi_e3_registered,3.162277660168379e-06,0.0001,-706.7257399544999
uk_abmi_e3_registered,3.162277660168379e-06,0.00031622776601683794,-709.0370218144766
uk_abmi_e3_registered,3.162277660168379e-06,0.001,-713.3769782142813
uk_abmi_e3_registered,3.162277660168379e-06,0.0031622776601683794,-720.414283105637
uk_abmi_e3_registered,3.162277660168379e-06,0.01,-730.9465944827803
uk_abmi_e3_registered,3.162277660168379e-06,0.03162277660168379,-746.3452920645099
uk_abmi_e3_registered,3.162277660168379e-06,0.1,-768.474566323929
uk_abmi_e3_registered,1e-05,0.0,-704.3376704771429
uk_abmi_e3_registered,1e-05,1e-08,-704.3381195993292
uk_abmi_e3_registered,1e-05,3.162277660168379e-08,-704.3390897666582
uk_abmi_e3_registered,1e-05,1e-07,-704.342149115665
uk_abmi_e3_registered,1e-05,3.162277660168379e-07,-704.3517391084044
uk_abmi_e3_registered,1e-05,1e-06,-704.3812612930454
uk_abmi_e3_registered,1e-05,3.162277660168379e-06,-704.4676795895183
uk_abmi_e3_registered,1e-05,1e-05,-704.693923788464
uk_abmi_e3_registered,1e-05,3.1622776601683795e-05,-705.205539144495
uk_abmi_e3_registered,1e-05,0.0001,-706.2966984765039
uk_abmi_e3_registered,1e-05,0.00031622776601683794,-708.5899738108981
uk_abmi_e3_registered,1e-05,0.001,-712.8958165979477
uk_abmi_e3_registered,1e-05,0.0031622776601683794,-719.9109429622634
uk_abmi_e3_registered,1e-05,0.01,-730.460063974234
uk_abmi_e3_registered,1e-05,0.03162277660168379,-745.9350689585128
uk_abmi_e3_registered,1e-05,0.1,-768.1757182020888
uk_abmi_e3_registered,3.1622776601683795e-05,0.0,-704.0021321887157
uk_abmi_e3_registered,3.1622776601683795e-05,1e-08,-704.0025090746263
uk_abmi_e3_registered,3.1622776601683795e-05,3.162277660168379e-08,-704.0033234380799
uk_abmi_e3_registered,3.1622776601683795e-05,1e-07,-704.0058935836536
uk_abmi_e3_registered,3.1622776601683795e-05,3.162277660168379e-07,-704.0139706886312
uk_abmi_e3_registered,3.1622776601683795e-05,1e-06,-704.0390260006516
uk_abmi_e3_registered,3.1622776601683795e-05,3.162277660168379e-06,-704.1138806113128
uk_abmi_e3_registered,3.1622776601683795e-05,1e-05,-704.3180498241376
uk_abmi_e3_registered,3.1622776601683795e-05,3.1622776601683795e-05,-704.8009668324024
uk_abmi_e3_registered,3.1622776601683795e-05,0.0001,-705.8493839545987
uk_abmi_e3_registered,3.1622776601683795e-05,0.00031622776601683794,-708.0737885915726
uk_abmi_e3_registered,3.1622776601683795e-05,0.001,-712.3033112485043
uk_abmi_e3_registered,3.1622776601683795e-05,0.0031622776601683794,-719.2530519369166
uk_abmi_e3_registered,3.1622776601683795e-05,0.01,-729.7682927118415
uk_abmi_e3_registered,3.1622776601683795e-05,0.03162277660168379,-745.281973316616
uk_abmi_e3_registered,3.1622776601683795e-05,0.1,-767.6275462934199
uk_abmi_e3_registered,0.0001,0.0,-704.3301515957954
uk_abmi_e3_registered,0.0001,1e-08,-704.3303736315338
uk_abmi_e3_registered,0.0001,3.162277660168379e-08,-704.3308537885475
uk_abmi_e3_registered,0.0001,1e-07,-704.3323726491902
uk_abmi_e3_registered,0.0001,3.162277660168379e-07,-704.3371799497835
uk_abmi_e3_registered,0.0001,1e-06,-704.3524108249356
uk_abmi_e3_registered,0.0001,3.162277660168379e-06,-704.4005334717194
uk_abmi_e3_registered,0.0001,1e-05,-704.5473733158577
uk_abmi_e3_registered,0.0001,3.1622776601683795e-05,-704.9455633799137
uk_abmi_e3_registered,0.0001,0.0001,-705.8910166716438
uk_abmi_e3_registered,0.0001,0.00031622776601683794,-707.9919057594512
uk_abmi_e3_registered,0.0001,0.001,-712.1001108230114
uk_abmi_e3_registered,0.0001,0.0031622776601683794,-718.9275311566886
uk_abmi_e3_registered,0.0001,0.01,-729.2968208853987
uk_abmi_e3_registered,0.0001,0.03162277660168379,-744.6704474592266
uk_abmi_e3_registered,0.0001,0.1,-766.9177625278072
uk_abmi_e3_registered,0.00031622776601683794,0.0,-705.4687828120385
uk_abmi_e3_registered,0.00031622776601683794,1e-08,-705.4689231749259
uk_abmi_e3_registered,0.00031622776601683794,3.162277660168379e-08,-705.4692270006866
uk_abmi_e3_registered,0.00031622776601683794,1e-07,-705.470190654216
uk_abmi_e3_registered,0.00031622776601683794,3.162277660168379e-07,-705.4732658776437
uk_abmi_e3_registered,0.00031622776601683794,1e-06,-705.4832446898068
uk_abmi_e3_registered,0.00031622776601683794,3.162277660168379e-06,-705.5167043890564
uk_abmi_e3_registered,0.00031622776601683794,1e-05,-705.6301064690069
uk_abmi_e3_registered,0.00031622776601683794,3.1622776601683795e-05,-705.9720853262214
uk_abmi_e3_registered,0.00031622776601683794,0.0001,-706.8278909451868
uk_abmi_e3_registered,0.00031622776601683794,0.00031622776601683794,-708.7790709123252
uk_abmi_e3_registered,0.00031622776601683794,0.001,-712.7043062808767
uk_abmi_e3_registered,0.00031622776601683794,0.0031622776601683794,-719.3309737958663
uk_abmi_e3_registered,0.00031622776601683794,0.01,-729.4219967033789
uk_abmi_e3_registered,0.00031622776601683794,0.03162277660168379,-744.3901512528303
uk_abmi_e3_registered,0.00031622776601683794,0.1,-766.1211874401827
uk_abmi_e3_registered,0.001,0.0,-707.8861404354498
uk_abmi_e3_registered,0.001,1e-08,-707.8862800342558
uk_abmi_e3_registered,0.001,3.162277660168379e-08,-707.886582136699
uk_abmi_e3_registered,0.001,1e-07,-707.8875397053823
uk_abmi_e3_registered,0.001,3.162277660168379e-07,-707.8905895058385
uk_abmi_e3_registered,0.001,1e-06,-707.900431091776
uk_abmi_e3_registered,0.001,3.162277660168379e-06,-707.9330134957542
uk_abmi_e3_registered,0.001,1e-05,-708.04133320621
uk_abmi_e3_registered,0.001,3.1622776601683795e-05,-708.3610852451085
uk_abmi_e3_registered,0.001,0.0001,-709.1383892548089
uk_abmi_e3_registered,0.001,0.00031622776601683794,-710.8929170394242
uk_abmi_e3_registered,0.001,0.001,-714.5129295335227
uk_abmi_e3_registered,0.001,0.0031622776601683794,-720.781832541714
uk_abmi_e3_registered,0.001,0.01,-730.4130439230408
uk_abmi_e3_registered,0.001,0.03162277660168379,-744.6485707077564
uk_abmi_e3_registered,0.001,0.1,-765.268283258872
uk_abmi_e3_registered,0.0031622776601683794,0.0,-712.5687393044153
uk_abmi_e3_registered,0.0031622776601683794,1e-08,-712.5688964396629
uk_abmi_e3_registered,0.0031622776601683794,3.162277660168379e-08,-712.5692362772913
uk_abmi_e3_registered,0.0031622776601683794,1e-07,-712.5703115355459
uk_abmi_e3_registered,0.0031622776601683794,3.162277660168379e-07,-712.5737174413576
uk_abmi_e3_registered,0.0031622776601683794,1e-06,-712.5845344586886
uk_abmi_e3_registered,0.0031622776601683794,3.162277660168379e-06,-712.618955819397
uk_abmi_e3_registered,0.0031622776601683794,1e-05,-712.725631662852
uk_abmi_e3_registered,0.0031622776601683794,3.1622776601683795e-05,-713.0167296889439
uk_abmi_e3_registered,0.0031622776601683794,0.0001,-713.6820862013374
uk_abmi_e3_registered,0.0031622776601683794,0.00031622776601683794,-715.1722138987031
uk_abmi_e3_registered,0.0031622776601683794,0.001,-718.3640880943364
uk_abmi_e3_registered,0.0031622776601683794,0.0031622776601683794,-724.0655284166879
uk_abmi_e3_registered,0.0031622776601683794,0.01,-732.9378526879034
uk_abmi_e3_registered,0.0031622776601683794,0.03162277660168379,-745.966338726166
uk_abmi_e3_registered,0.0031622776601683794,0.1,-764.6697408251634
uk_abmi_e3_registered,0.01,0.0,-720.9960109297316
uk_abmi_e3_registered,0.01,1e-08,-720.9961639690091
uk_abmi_e3_registered,0.01,3.162277660168379e-08,-720.9964948119892
uk_abmi_e3_registered,0.01,1e-07,-720.9975403927812
uk_abmi_e3_registered,0.01,3.162277660168379e-07,-721.0008403645528
uk_abmi_e3_registered,0.01,1e-06,-721.0112090882466
uk_abmi_e3_registered,0.01,3.162277660168379e-06,-721.0432797057036
uk_abmi_e3_registered,0.01,1e-05,-721.1370767506324
uk_abmi_e3_registered,0.01,3.1622776601683795e-05,-721.373193030607
uk_abmi_e3_registered,0.01,0.0001,-721.8766490932126
uk_abmi_e3_registered,0.01,0.00031622776601683794,-723.0311037774949
uk_abmi_e3_registered,0.01,0.001,-725.7028336353061
uk_abmi_e3_registered,0.01,0.0031622776601683794,-730.655397423673
uk_abmi_e3_registered,0.01,0.01,-738.3971482210286
uk_abmi_e3_registered,0.01,0.03162277660168379,-749.6163587598211
uk_abmi_e3_registered,0.01,0.1,-765.4497674368297
uk_abmi_e3_registered,0.03162277660168379,0.0,-735.4692869859961
uk_abmi_e3_registered,0.03162277660168379,1e-08,-735.4694179730627
uk_abmi_e3_registered,0.03162277660168379,3.162277660168379e-08,-735.4697010642752
uk_abmi_e3_registered,0.03162277660168379,1e-07,-735.4705950262103
uk_abmi_e3_registered,0.03162277660168379,3.162277660168379e-07,-735.4734095228042
uk_abmi_e3_registered,0.03162277660168379,1e-06,-735.4821867960851
uk_abmi_e3_registered,0.03162277660168379,3.162277660168379e-06,-735.5087660786028
uk_abmi_e3_registered,0.03162277660168379,1e-05,-735.5826430922035
uk_abmi_e3_registered,0.03162277660168379,3.1622776601683795e-05,-735.7510605816287
uk_abmi_e3_registered,0.03162277660168379,0.0001,-736.0644439104364
uk_abmi_e3_registered,0.03162277660168379,0.00031622776601683794,-736.800916718748
uk_abmi_e3_registered,0.03162277660168379,0.001,-738.7685030018571
uk_abmi_e3_registered,0.03162277660168379,0.0031622776601683794,-742.6366967359224
uk_abmi_e3_registered,0.03162277660168379,0.01,-748.6541615894108
uk_abmi_e3_registered,0.03162277660168379,0.03162277660168379,-757.2000883763795
uk_abmi_e3_registered,0.03162277660168379,0.1,-769.1272376696644
uk_abmi_e3_registered,0.1,0.0,-758.0612034593257
uk_abmi_e3_registered,0.1,1e-08,-758.0613061768029
uk_abmi_e3_registered,0.1,3.162277660168379e-08,-758.06152812301
uk_abmi_e3_registered,0.1,1e-07,-758.0622285638417
uk_abmi_e3_registered,0.1,3.162277660168379e-07,-758.0644294977922
uk_abmi_e3_registered,0.1,1e-06,-758.0712517727773
uk_abmi_e3_registered,0.1,3.162277660168379e-06,-758.0915334362852
uk_abmi_e3_registered,0.1,1e-05,-758.1449567614842
uk_abmi_e3_registered,0.1,3.1622776601683795e-05,-758.2489226536492
uk_abmi_e3_registered,0.1,0.0001,-758.3714892088798
uk_abmi_e3_registered,0.1,0.00031622776601683794,-758.6137845199137
uk_abmi_e3_registered,0.1,0.001,-759.6144698351578
uk_abmi_e3_registered,0.1,0.0031622776601683794,-761.9100064470877
uk_abmi_e3_registered,0.1,0.01,-765.4707190687218
uk_abmi_e3_registered,0.1,0.03162277660168379,-770.4177178234213
uk_abmi_e3_registered,0.1,0.1,-777.4960195742738
