year,wolfer_number,page
1749,80.9,297
1750,83.4,297
1751,47.7,297
1752,47.8,297
1753,30.7,297
1754,12.2,297
1755,9.6,297
1756,10.2,297
1757,32.4,297
1758,47.6,297
1759,54.0,297
1760,62.9,297
1761,85.9,297
1762,61.2,297
1763,45.1,297
1764,36.4,297
1765,20.9,297
1766,11.4,297
1767,37.8,297
1768,69.8,297
1769,106.1,297
1770,100.8,297
1771,81.6,297
1772,66.5,297
1773,34.8,297
1774,30.6,297
1775,7.0,297
1776,19.8,297
1777,92.5,297
1778,154.4,297
1779,125.9,297
1780,84.8,297
1781,68.1,297
1782,38.5,297
1783,22.8,297
1784,10.2,297
1785,24.1,297
1786,82.9,297
1787,132.0,297
1788,130.9,297
1789,118.1,297
1790,89.9,297
1791,66.6,297
1792,60.0,297
1793,46.9,297
1794,41.0,297
1795,21.3,297
1796,16.0,297
1797,6.4,297
1798,4.1,297
1799,6.8,297
1800,14.5,297
1801,34.0,297
1802,45.0,297
1803,43.1,297
1804,47.5,297
1805,42.2,297
1806,28.1,297
1807,10.1,297
1808,8.1,297
1809,2.5,297
1810,0.0,297
1811,1.4,297
1812,5.0,297
1813,12.2,297
1814,13.9,297
1815,35.4,297
1816,45.8,297
1817,41.1,297
1818,30.4,297
1819,23.9,297
1820,15.7,297
1821,6.6,297
1822,4.0,297
1823,1.8,297
1824,8.5,297
1825,16.6,297
1826,36.3,297
1827,49.7,297
1828,62.5,297
1829,67.0,297
1830,71.0,297
1831,47.8,297
1832,27.5,297
1833,8.5,297
1834,13.2,297
1835,56.9,297
1836,121.5,297
1837,138.3,298
1838,103.2,298
1839,85.8,298
1840,63.2,298
1841,36.8,298
1842,24.2,298
1843,10.7,298
1844,15.0,298
1845,40.1,298
1846,61.5,298
1847,98.5,298
1848,124.3,298
1849,95.9,298
1850,66.5,298
1851,64.5,298
1852,54.2,298
1853,39.0,298
1854,20.6,298
1855,6.7,298
1856,4.3,298
1857,22.8,298
1858,54.8,298
1859,93.8,298
1860,95.7,298
1861,77.2,298
1862,59.1,298
1863,44.0,298
1864,47.0,298
1865,30.5,298
1866,16.3,298
1867,7.3,298
1868,37.3,298
1869,73.9,298
1870,139.1,298
1871,111.2,298
1872,101.7,298
1873,66.3,298
1874,44.7,298
1875,17.1,298
1876,11.3,298
1877,12.3,298
1878,3.4,298
1879,6.0,298
1880,32.3,298
1881,54.3,298
1882,59.7,298
1883,63.7,298
1884,63.5,298
1885,52.2,298
1886,25.4,298
1887,13.1,298
1888,6.8,298
1889,6.3,298
1890,7.1,298
1891,35.6,298
1892,73.0,298
1893,84.9,298
1894,78.0,298
1895,64.0,298
1896,41.8,298
1897,26.2,298
1898,26.7,298
1899,12.1,298
1900,9.5,298
1901,2.7,298
1902,5.0,298
1903,24.4,298
1904,42.0,298
1905,63.5,298
1906,53.8,298
1907,62.0,298
1908,48.5,298
1909,43.9,298
1910,18.6,298
1911,5.7,298
1912,3.6,298
1913,1.4,298
1914,9.6,298
1915,47.4,298
1916,57.1,298
1917,103.9,298
1918,80.6,298
1919,63.6,298
1920,37.6,298
1921,26.1,298
1922,14.2,298
1923,5.8,298
1924,16.7,298
