item,value,page,source_text
sample_first_year,1749,275,"the series was used as a whole (1749-1924)"
sample_last_year,1924,275,"the series was used as a whole (1749-1924)"
sample_values,176,297-298,"Table A, Wolfer's number column, 1749-1924 (yule1927_tableA.csv)"
deviations_rounding,nearest unit,275,"the deviations of the individual numbers from the general mean were written down to the nearest unit"
sd_series_points,34.66,275,"s.d. of whole series = 34.66 points"
eq15_coefficient_lag1,1.62373,275,"u_x = 1.62373 u_{x-1} - u_{x-2} + 16.99 (15)"
eq15_constant,16.99,275,"u_x = 1.62373 u_{x-1} - u_{x-2} + 16.99 (15)"
eq15_cos_theta,0.81187,275,"cos theta = 0.81187"
eq15_theta_degrees,35.72,275,"theta = 35.72 degrees"
eq15_period_years,10.08,275,"period = 10.08 years"
eq15_sd_disturbances_points,17.05,275,"s.d. of disturbances = 17.05 points"
eq31_coefficient_lag1,1.34254,281,"u_x = 1.34254 u_{x-1} - 0.65504 u_{x-2} + 13.854 (31)"
eq31_coefficient_lag2,-0.65504,281,"u_x = 1.34254 u_{x-1} - 0.65504 u_{x-2} + 13.854 (31)"
eq31_constant,13.854,281,"u_x = 1.34254 u_{x-1} - 0.65504 u_{x-2} + 13.854 (31)"
eq31_root_real,0.67127,281,"Roots of (27): 0.67127 +/- 0.45215 i"
eq31_root_imaginary,0.45215,281,"Roots of (27): 0.67127 +/- 0.45215 i"
eq31_tan_theta,0.67358,281,"tan theta = 0.67358"
eq31_theta_degrees,33.963,281,"theta = 33.963 degrees"
eq31_period_years,10.600,281,"Period = 10.600 years"
eq31_lambda,-0.21154,281,"lambda = -0.21154"
eq31_sd_disturbances_points,15.41,281,"s.d. of disturbances = 15.41 points"
eq31_disturbance_coefficients,"1.343, 0.655, 13.854",282,"the regressions were cut down to three decimal places for these calculations"
table4_r1,0.811180,287,"Table IV, Wolfer's sunspot numbers, serial correlation 1"
table4_r2,0.433998,287,"Table IV, Wolfer's sunspot numbers, serial correlation 2"
eq32_sample,1753-1920 graduated,282,"Graduated Sunspot Numbers, 1753-1920"
eq32_coefficient_lag1,1.51527,282,"u_x = 1.51527 u_{x-1} - 0.80245 u_{x-2} + 12.854 (32)"
eq32_coefficient_lag2,-0.80245,282,"u_x = 1.51527 u_{x-1} - 0.80245 u_{x-2} + 12.854 (32)"
eq32_constant,12.854,282,"u_x = 1.51527 u_{x-1} - 0.80245 u_{x-2} + 12.854 (32)"
eq32_period_years,11.164,282,"Period = 11.164 years"
eq32_lambda,-0.11004,282,"lambda = -0.11004"
